Model,Horizon,False_Positive_Rate,True_Positive_Rate,Threshold
Logistic Regression,1-day,0.0,0.0,inf
Logistic Regression,1-day,0.0,0.015384615384615385,0.7508869330161531
Logistic Regression,1-day,0.0,0.07692307692307693,0.6922307763898125
Logistic Regression,1-day,0.023255813953488372,0.07692307692307693,0.688624371253568
Logistic Regression,1-day,0.023255813953488372,0.09230769230769231,0.6881285757531492
Logistic Regression,1-day,0.06976744186046512,0.09230769230769231,0.6732445620801618
Logistic Regression,1-day,0.06976744186046512,0.12307692307692308,0.6716840892015029
Logistic Regression,1-day,0.16279069767441862,0.12307692307692308,0.6348220017887064
Logistic Regression,1-day,0.16279069767441862,0.13846153846153847,0.6345803174874562
Logistic Regression,1-day,0.18604651162790697,0.13846153846153847,0.6316296667607956
Logistic Regression,1-day,0.18604651162790697,0.16923076923076924,0.6310051811628435
Logistic Regression,1-day,0.27906976744186046,0.16923076923076924,0.6185991680576863
Logistic Regression,1-day,0.27906976744186046,0.18461538461538463,0.6181863400765029
Logistic Regression,1-day,0.32558139534883723,0.18461538461538463,0.6132344076295769
Logistic Regression,1-day,0.32558139534883723,0.2,0.6117847422411518
Logistic Regression,1-day,0.3488372093023256,0.2,0.610213517723085
Logistic Regression,1-day,0.3488372093023256,0.23076923076923078,0.5985942638570718
Logistic Regression,1-day,0.37209302325581395,0.23076923076923078,0.5981547029277117
Logistic Regression,1-day,0.37209302325581395,0.26153846153846155,0.594599359248247
Logistic Regression,1-day,0.3953488372093023,0.26153846153846155,0.5907595375881971
Logistic Regression,1-day,0.3953488372093023,0.2923076923076923,0.5849166645589716
Logistic Regression,1-day,0.4186046511627907,0.2923076923076923,0.5837179884649433
Logistic Regression,1-day,0.4186046511627907,0.35384615384615387,0.576191364908308
Logistic Regression,1-day,0.4418604651162791,0.35384615384615387,0.5752292004311373
Logistic Regression,1-day,0.4418604651162791,0.4,0.5691351868961899
Logistic Regression,1-day,0.5116279069767442,0.4,0.5666648302474173
Logistic Regression,1-day,0.5116279069767442,0.4307692307692308,0.5597651959596034
Logistic Regression,1-day,0.5813953488372093,0.4307692307692308,0.5547050332646164
Logistic Regression,1-day,0.5813953488372093,0.47692307692307695,0.5488506223108007
Logistic Regression,1-day,0.6046511627906976,0.47692307692307695,0.547719350904176
Logistic Regression,1-day,0.6046511627906976,0.49230769230769234,0.5455814546645932
Logistic Regression,1-day,0.627906976744186,0.49230769230769234,0.5426891347937408
Logistic Regression,1-day,0.627906976744186,0.6153846153846154,0.5277044040849987
Logistic Regression,1-day,0.6744186046511628,0.6153846153846154,0.5247028476484921
Logistic Regression,1-day,0.6744186046511628,0.6307692307692307,0.5235616264702608
Logistic Regression,1-day,0.7209302325581395,0.6307692307692307,0.5227409437390012
Logistic Regression,1-day,0.7209302325581395,0.7384615384615385,0.5042537118463666
Logistic Regression,1-day,0.7441860465116279,0.7384615384615385,0.5004018649668079
Logistic Regression,1-day,0.7441860465116279,0.7538461538461538,0.4994732354281822
Logistic Regression,1-day,0.7674418604651163,0.7538461538461538,0.497655290598903
Logistic Regression,1-day,0.7674418604651163,0.7692307692307693,0.49317080036897015
Logistic Regression,1-day,0.7906976744186046,0.7692307692307693,0.49201895701666437
Logistic Regression,1-day,0.7906976744186046,0.8307692307692308,0.48435438292254485
Logistic Regression,1-day,0.8372093023255814,0.8307692307692308,0.4793482193981969
Logistic Regression,1-day,0.8372093023255814,0.8615384615384616,0.4727174695503604
Logistic Regression,1-day,0.9534883720930233,0.8615384615384616,0.461181640542624
Logistic Regression,1-day,0.9534883720930233,0.9076923076923077,0.45426261928285366
Logistic Regression,1-day,0.9767441860465116,0.9076923076923077,0.45242620515001697
Logistic Regression,1-day,0.9767441860465116,0.9538461538461539,0.4103494498184684
Logistic Regression,1-day,1.0,0.9538461538461539,0.386404617152978
Logistic Regression,1-day,1.0,1.0,0.3512106158074999
SVM,1-day,0.0,0.0,inf
SVM,1-day,0.0,0.015384615384615385,0.5508820700438848
SVM,1-day,0.16279069767441862,0.015384615384615385,0.5421179751784674
SVM,1-day,0.16279069767441862,0.03076923076923077,0.5418784316870006
SVM,1-day,0.23255813953488372,0.03076923076923077,0.539532422746697
SVM,1-day,0.23255813953488372,0.06153846153846154,0.5391906290714257
SVM,1-day,0.27906976744186046,0.06153846153846154,0.5387879485646253
SVM,1-day,0.27906976744186046,0.07692307692307693,0.5378652548248392
SVM,1-day,0.37209302325581395,0.07692307692307693,0.53508069319469
SVM,1-day,0.37209302325581395,0.1076923076923077,0.5341965618577067
SVM,1-day,0.4186046511627907,0.1076923076923077,0.5334198658031107
SVM,1-day,0.4186046511627907,0.16923076923076924,0.5317945521428735
SVM,1-day,0.4418604651162791,0.16923076923076924,0.5312748354492114
SVM,1-day,0.4418604651162791,0.3076923076923077,0.5294352002655582
SVM,1-day,0.46511627906976744,0.3076923076923077,0.5291097914574858
SVM,1-day,0.46511627906976744,0.35384615384615387,0.5282830245674338
SVM,1-day,0.4883720930232558,0.35384615384615387,0.5275709933378188
SVM,1-day,0.4883720930232558,0.4461538461538462,0.5248062411541418
SVM,1-day,0.5348837209302325,0.4461538461538462,0.5241501411084731
SVM,1-day,0.5348837209302325,0.46153846153846156,0.5232549337996952
SVM,1-day,0.5581395348837209,0.46153846153846156,0.5226119463536952
SVM,1-day,0.5581395348837209,0.49230769230769234,0.5223318670948961
SVM,1-day,0.627906976744186,0.49230769230769234,0.5220282159357411
SVM,1-day,0.627906976744186,0.5692307692307692,0.521142376275276
SVM,1-day,0.6511627906976745,0.5692307692307692,0.521112855535146
SVM,1-day,0.6511627906976745,0.5846153846153846,0.5208265635957413
SVM,1-day,0.6744186046511628,0.5846153846153846,0.5204219756521856
SVM,1-day,0.6744186046511628,0.6307692307692307,0.5193716574396969
SVM,1-day,0.7209302325581395,0.6307692307692307,0.519232298780588
SVM,1-day,0.7209302325581395,0.6615384615384615,0.5186890251545097
SVM,1-day,0.7441860465116279,0.6615384615384615,0.51727416969817
SVM,1-day,0.7441860465116279,0.6923076923076923,0.5149615194447116
SVM,1-day,0.7906976744186046,0.6923076923076923,0.5146599183518151
SVM,1-day,0.7906976744186046,0.7076923076923077,0.5143202864363949
SVM,1-day,0.813953488372093,0.7076923076923077,0.5142375030889118
SVM,1-day,0.813953488372093,0.7846153846153846,0.5128797125689283
SVM,1-day,0.8372093023255814,0.7846153846153846,0.512654004981647
SVM,1-day,0.8372093023255814,0.8307692307692308,0.5096935993408966
SVM,1-day,0.8837209302325582,0.8307692307692308,0.5086423323166662
SVM,1-day,0.8837209302325582,0.8615384615384616,0.5083984695000449
SVM,1-day,0.9302325581395349,0.8615384615384616,0.5057160361895752
SVM,1-day,0.9302325581395349,0.8769230769230769,0.5056689177463438
SVM,1-day,0.9767441860465116,0.9538461538461539,0.5
SVM,1-day,0.9767441860465116,0.9692307692307692,0.4949167860897433
SVM,1-day,1.0,0.9692307692307692,0.49446163622289696
SVM,1-day,1.0,1.0,0.4887137429737843
Random Forest,1-day,0.0,0.0,inf
Random Forest,1-day,0.0,0.015384615384615385,0.83
Random Forest,1-day,0.023255813953488372,0.015384615384615385,0.768
Random Forest,1-day,0.023255813953488372,0.07692307692307693,0.724
Random Forest,1-day,0.046511627906976744,0.07692307692307693,0.722
Random Forest,1-day,0.046511627906976744,0.1076923076923077,0.694
Random Forest,1-day,0.06976744186046512,0.12307692307692308,0.692
Random Forest,1-day,0.11627906976744186,0.12307692307692308,0.686
Random Forest,1-day,0.11627906976744186,0.13846153846153847,0.684
Random Forest,1-day,0.13953488372093023,0.13846153846153847,0.678
Random Forest,1-day,0.16279069767441862,0.15384615384615385,0.674
Random Forest,1-day,0.16279069767441862,0.16923076923076924,0.67
Random Forest,1-day,0.18604651162790697,0.18461538461538463,0.662
Random Forest,1-day,0.23255813953488372,0.18461538461538463,0.646
Random Forest,1-day,0.27906976744186046,0.18461538461538463,0.624
Random Forest,1-day,0.3023255813953488,0.2,0.62
Random Forest,1-day,0.3023255813953488,0.24615384615384617,0.612
Random Forest,1-day,0.32558139534883723,0.24615384615384617,0.61
Random Forest,1-day,0.32558139534883723,0.27692307692307694,0.6
Random Forest,1-day,0.3488372093023256,0.27692307692307694,0.598
Random Forest,1-day,0.3488372093023256,0.2923076923076923,0.594
Random Forest,1-day,0.46511627906976744,0.2923076923076923,0.578
Random Forest,1-day,0.5116279069767442,0.3076923076923077,0.572
Random Forest,1-day,0.5116279069767442,0.3230769230769231,0.57
Random Forest,1-day,0.5348837209302325,0.3230769230769231,0.568
Random Forest,1-day,0.5581395348837209,0.3384615384615385,0.566
Random Forest,1-day,0.5813953488372093,0.36923076923076925,0.564
Random Forest,1-day,0.627906976744186,0.36923076923076925,0.562
Random Forest,1-day,0.627906976744186,0.4,0.558
Random Forest,1-day,0.627906976744186,0.4307692307692308,0.548
Random Forest,1-day,0.6744186046511628,0.4307692307692308,0.542
Random Forest,1-day,0.6744186046511628,0.4461538461538462,0.53
Random Forest,1-day,0.6744186046511628,0.47692307692307695,0.526
Random Forest,1-day,0.6744186046511628,0.5230769230769231,0.516
Random Forest,1-day,0.6976744186046512,0.5230769230769231,0.512
Random Forest,1-day,0.6976744186046512,0.5384615384615384,0.51
Random Forest,1-day,0.7209302325581395,0.5384615384615384,0.504
Random Forest,1-day,0.7674418604651163,0.5384615384615384,0.502
Random Forest,1-day,0.813953488372093,0.5384615384615384,0.496
Random Forest,1-day,0.813953488372093,0.5692307692307692,0.494
Random Forest,1-day,0.8372093023255814,0.5692307692307692,0.49
Random Forest,1-day,0.8372093023255814,0.6153846153846154,0.484
Random Forest,1-day,0.8604651162790697,0.6153846153846154,0.482
Random Forest,1-day,0.8604651162790697,0.6307692307692307,0.48
Random Forest,1-day,0.8837209302325582,0.6615384615384615,0.476
Random Forest,1-day,0.9069767441860465,0.6615384615384615,0.47
Random Forest,1-day,0.9069767441860465,0.6923076923076923,0.466
Random Forest,1-day,0.9069767441860465,0.7230769230769231,0.464
Random Forest,1-day,0.9069767441860465,0.7538461538461538,0.448
Random Forest,1-day,0.9302325581395349,0.7538461538461538,0.446
Random Forest,1-day,0.9302325581395349,0.9384615384615385,0.38
Random Forest,1-day,0.9302325581395349,0.9692307692307692,0.376
Random Forest,1-day,0.9302325581395349,0.9846153846153847,0.368
Random Forest,1-day,1.0,0.9846153846153847,0.338
Random Forest,1-day,1.0,1.0,0.28
LSTM,1-day,0.0,0.0,inf
LSTM,1-day,0.0,0.015384615384615385,0.6088995933532715
LSTM,1-day,0.06976744186046512,0.015384615384615385,0.5907072424888611
LSTM,1-day,0.06976744186046512,0.07692307692307693,0.5859293937683105
LSTM,1-day,0.09302325581395349,0.07692307692307693,0.585053563117981
LSTM,1-day,0.09302325581395349,0.1076923076923077,0.5834189653396606
LSTM,1-day,0.13953488372093023,0.1076923076923077,0.5823146104812622
LSTM,1-day,0.13953488372093023,0.12307692307692308,0.5817997455596924
LSTM,1-day,0.18604651162790697,0.12307692307692308,0.5816137790679932
LSTM,1-day,0.18604651162790697,0.16923076923076924,0.5809311866760254
LSTM,1-day,0.23255813953488372,0.16923076923076924,0.5792855024337769
LSTM,1-day,0.23255813953488372,0.2153846153846154,0.5778547525405884
LSTM,1-day,0.27906976744186046,0.2153846153846154,0.5774422883987427
LSTM,1-day,0.27906976744186046,0.23076923076923078,0.5773406624794006
LSTM,1-day,0.3023255813953488,0.23076923076923078,0.5741163492202759
LSTM,1-day,0.3023255813953488,0.27692307692307694,0.5722631216049194
LSTM,1-day,0.32558139534883723,0.27692307692307694,0.5719754695892334
LSTM,1-day,0.32558139534883723,0.2923076923076923,0.5716279745101929
LSTM,1-day,0.3488372093023256,0.2923076923076923,0.5706660747528076
LSTM,1-day,0.3488372093023256,0.3076923076923077,0.5654091835021973
LSTM,1-day,0.37209302325581395,0.3076923076923077,0.5645389556884766
LSTM,1-day,0.37209302325581395,0.3230769230769231,0.5639455318450928
LSTM,1-day,0.3953488372093023,0.3230769230769231,0.5638885498046875
LSTM,1-day,0.3953488372093023,0.3384615384615385,0.5634162425994873
LSTM,1-day,0.4186046511627907,0.3384615384615385,0.5591276288032532
LSTM,1-day,0.4186046511627907,0.36923076923076925,0.5580277442932129
LSTM,1-day,0.4418604651162791,0.36923076923076925,0.5577616691589355
LSTM,1-day,0.4418604651162791,0.38461538461538464,0.5551180839538574
LSTM,1-day,0.46511627906976744,0.38461538461538464,0.5532668232917786
LSTM,1-day,0.46511627906976744,0.4,0.5510136485099792
LSTM,1-day,0.5116279069767442,0.4,0.5498450994491577
LSTM,1-day,0.5116279069767442,0.4307692307692308,0.5447144508361816
LSTM,1-day,0.5581395348837209,0.4307692307692308,0.541622519493103
LSTM,1-day,0.5581395348837209,0.4461538461538462,0.5415842533111572
LSTM,1-day,0.6046511627906976,0.4461538461538462,0.5403173565864563
LSTM,1-day,0.6046511627906976,0.47692307692307695,0.5390876531600952
LSTM,1-day,0.6511627906976745,0.47692307692307695,0.5385729670524597
LSTM,1-day,0.6511627906976745,0.49230769230769234,0.5385297536849976
LSTM,1-day,0.6976744186046512,0.49230769230769234,0.5377559661865234
LSTM,1-day,0.6976744186046512,0.5846153846153846,0.5306375026702881
LSTM,1-day,0.7209302325581395,0.5846153846153846,0.5301212072372437
LSTM,1-day,0.7209302325581395,0.6153846153846154,0.5282037258148193
LSTM,1-day,0.813953488372093,0.6153846153846154,0.5250945091247559
LSTM,1-day,0.813953488372093,0.6615384615384615,0.5230971574783325
LSTM,1-day,0.8372093023255814,0.6615384615384615,0.5225368738174438
LSTM,1-day,0.8372093023255814,0.676923076923077,0.5224979519844055
LSTM,1-day,0.8837209302325582,0.676923076923077,0.5189396142959595
LSTM,1-day,0.8837209302325582,0.7076923076923077,0.5181818008422852
LSTM,1-day,0.9069767441860465,0.7076923076923077,0.5175513029098511
LSTM,1-day,0.9069767441860465,0.8153846153846154,0.49378395080566406
LSTM,1-day,0.9302325581395349,0.8153846153846154,0.49337342381477356
LSTM,1-day,0.9302325581395349,0.9076923076923077,0.4476393461227417
LSTM,1-day,0.9767441860465116,0.9076923076923077,0.4432676434516907
LSTM,1-day,0.9767441860465116,0.9692307692307692,0.4253098666667938
LSTM,1-day,1.0,0.9692307692307692,0.42127102613449097
LSTM,1-day,1.0,1.0,0.4002264440059662
Logistic Regression,7-day,0.0,0.0,inf
Logistic Regression,7-day,0.02631578947368421,0.0,0.7136948320717006
Logistic Regression,7-day,0.05263157894736842,0.0,0.6941614705219383
Logistic Regression,7-day,0.05263157894736842,0.014285714285714285,0.6940443148437853
Logistic Regression,7-day,0.13157894736842105,0.014285714285714285,0.6848774139644855
Logistic Regression,7-day,0.13157894736842105,0.02857142857142857,0.680523726344269
Logistic Regression,7-day,0.2894736842105263,0.02857142857142857,0.6408334270637426
Logistic Regression,7-day,0.2894736842105263,0.11428571428571428,0.6225386799121718
Logistic Regression,7-day,0.34210526315789475,0.11428571428571428,0.6153237543982351
Logistic Regression,7-day,0.34210526315789475,0.15714285714285714,0.606861641384388
Logistic Regression,7-day,0.3684210526315789,0.15714285714285714,0.5927864945763291
Logistic Regression,7-day,0.3684210526315789,0.2,0.5877971505338827
Logistic Regression,7-day,0.39473684210526316,0.2,0.5859223389394241
Logistic Regression,7-day,0.39473684210526316,0.21428571428571427,0.579915759835164
Logistic Regression,7-day,0.42105263157894735,0.21428571428571427,0.5729744671380007
Logistic Regression,7-day,0.42105263157894735,0.24285714285714285,0.5684288996523268
Logistic Regression,7-day,0.4473684210526316,0.24285714285714285,0.5651265466282066
Logistic Regression,7-day,0.4473684210526316,0.2857142857142857,0.5603465181910956
Logistic Regression,7-day,0.47368421052631576,0.2857142857142857,0.559701216173305
Logistic Regression,7-day,0.47368421052631576,0.38571428571428573,0.5337177256175454
Logistic Regression,7-day,0.5526315789473685,0.38571428571428573,0.5240230127096186
Logistic Regression,7-day,0.5526315789473685,0.44285714285714284,0.5026657995283642
Logistic Regression,7-day,0.5789473684210527,0.44285714285714284,0.49536166068205356
Logistic Regression,7-day,0.5789473684210527,0.4857142857142857,0.4913169007739056
Logistic Regression,7-day,0.6052631578947368,0.4857142857142857,0.48881183632288644
Logistic Regression,7-day,0.6052631578947368,0.5857142857142857,0.4702370555193047
Logistic Regression,7-day,0.631578947368421,0.5857142857142857,0.4674566973064622
Logistic Regression,7-day,0.631578947368421,0.6,0.4674549210343687
Logistic Regression,7-day,0.7105263157894737,0.6,0.4575829179380037
Logistic Regression,7-day,0.7105263157894737,0.6428571428571429,0.45196663317612973
Logistic Regression,7-day,0.7631578947368421,0.6428571428571429,0.4494623315233227
Logistic Regression,7-day,0.7631578947368421,0.7714285714285715,0.4276139253120801
Logistic Regression,7-day,0.7894736842105263,0.7714285714285715,0.42145307686261646
Logistic Regression,7-day,0.7894736842105263,0.8428571428571429,0.4080544429854221
Logistic Regression,7-day,0.8157894736842105,0.8428571428571429,0.40495422034856476
Logistic Regression,7-day,0.8157894736842105,0.9,0.40160543291397655
Logistic Regression,7-day,0.8421052631578947,0.9,0.3993625718597845
Logistic Regression,7-day,0.8421052631578947,0.9285714285714286,0.3984274515534882
Logistic Regression,7-day,0.868421052631579,0.9285714285714286,0.39458351012691156
Logistic Regression,7-day,0.868421052631579,0.9571428571428572,0.3939535276764862
Logistic Regression,7-day,0.8947368421052632,0.9571428571428572,0.3885927018200067
Logistic Regression,7-day,0.8947368421052632,0.9714285714285714,0.3885684976590818
Logistic Regression,7-day,0.9210526315789473,0.9714285714285714,0.36480335073766973
Logistic Regression,7-day,0.9210526315789473,0.9857142857142858,0.3528791515418904
Logistic Regression,7-day,0.9473684210526315,0.9857142857142858,0.3512096502768249
Logistic Regression,7-day,0.9473684210526315,1.0,0.34378698001487173
Logistic Regression,7-day,1.0,1.0,0.32500420184734324
SVM,7-day,0.0,0.0,inf
SVM,7-day,0.0,0.014285714285714285,0.8854640538595858
SVM,7-day,0.02631578947368421,0.014285714285714285,0.87401262564319
SVM,7-day,0.02631578947368421,0.02857142857142857,0.8725841242056085
SVM,7-day,0.05263157894736842,0.02857142857142857,0.8492905617185496
SVM,7-day,0.05263157894736842,0.04285714285714286,0.8476639489724912
SVM,7-day,0.07894736842105263,0.04285714285714286,0.8447095903139594
SVM,7-day,0.07894736842105263,0.05714285714285714,0.8292371180315026
SVM,7-day,0.10526315789473684,0.05714285714285714,0.8126484598903739
SVM,7-day,0.10526315789473684,0.08571428571428572,0.7955931150244591
SVM,7-day,0.21052631578947367,0.08571428571428572,0.7533156231152678
SVM,7-day,0.21052631578947367,0.1,0.7449703225747616
SVM,7-day,0.2631578947368421,0.1,0.7416820879570889
SVM,7-day,0.2631578947368421,0.11428571428571428,0.7268212423122616
SVM,7-day,0.3157894736842105,0.11428571428571428,0.7069757338064272
SVM,7-day,0.3157894736842105,0.12857142857142856,0.7046629615463583
SVM,7-day,0.34210526315789475,0.12857142857142856,0.694726545392528
SVM,7-day,0.34210526315789475,0.14285714285714285,0.6893201449854208
SVM,7-day,0.3684210526315789,0.14285714285714285,0.6777892372866776
SVM,7-day,0.3684210526315789,0.17142857142857143,0.6568705713169833
SVM,7-day,0.47368421052631576,0.17142857142857143,0.6285504484729248
SVM,7-day,0.47368421052631576,0.18571428571428572,0.622371540266258
SVM,7-day,0.5,0.18571428571428572,0.6222500000538449
SVM,7-day,0.5,0.21428571428571427,0.5989729004232155
SVM,7-day,0.5263157894736842,0.21428571428571427,0.5934116718561129
SVM,7-day,0.5263157894736842,0.24285714285714285,0.5864099775852856
SVM,7-day,0.5789473684210527,0.24285714285714285,0.5629621579890978
SVM,7-day,0.5789473684210527,0.3142857142857143,0.5234018413495665
SVM,7-day,0.6052631578947368,0.3142857142857143,0.5202323379271813
SVM,7-day,0.6052631578947368,0.32857142857142857,0.5189376780113049
SVM,7-day,0.631578947368421,0.32857142857142857,0.5178083579722726
SVM,7-day,0.631578947368421,0.37142857142857144,0.5074418604436046
SVM,7-day,0.6842105263157895,0.37142857142857144,0.5
SVM,7-day,0.7105263157894737,0.37142857142857144,0.49286782800719814
SVM,7-day,0.7105263157894737,0.4,0.4915948300304098
SVM,7-day,0.7368421052631579,0.4,0.4870384328747523
SVM,7-day,0.7368421052631579,0.4857142857142857,0.4771856837193301
SVM,7-day,0.7631578947368421,0.4857142857142857,0.4742145562568821
SVM,7-day,0.7631578947368421,0.5,0.47338385426089397
SVM,7-day,0.7894736842105263,0.5,0.4718620808994211
SVM,7-day,0.7894736842105263,0.6142857142857143,0.44398369580228153
SVM,7-day,0.8157894736842105,0.6142857142857143,0.44383262460425194
SVM,7-day,0.8157894736842105,0.6714285714285714,0.42375208513610774
SVM,7-day,0.8421052631578947,0.6714285714285714,0.41975110523742815
SVM,7-day,0.8421052631578947,0.7428571428571429,0.4040984231558516
SVM,7-day,0.9210526315789473,0.7428571428571429,0.38672770662782374
SVM,7-day,0.9210526315789473,0.8,0.3697931421924058
SVM,7-day,0.9736842105263158,0.8,0.36484686053993937
SVM,7-day,0.9736842105263158,0.8428571428571429,0.312353324250241
SVM,7-day,1.0,0.8428571428571429,0.3077240330144761
SVM,7-day,1.0,1.0,0.14248942011173765
Random Forest,7-day,0.0,0.0,inf
Random Forest,7-day,0.02631578947368421,0.0,0.9
Random Forest,7-day,0.02631578947368421,0.05714285714285714,0.834
Random Forest,7-day,0.05263157894736842,0.07142857142857142,0.824
Random Forest,7-day,0.05263157894736842,0.08571428571428572,0.812
Random Forest,7-day,0.13157894736842105,0.08571428571428572,0.774
Random Forest,7-day,0.13157894736842105,0.1,0.762
Random Forest,7-day,0.18421052631578946,0.1,0.76
Random Forest,7-day,0.18421052631578946,0.14285714285714285,0.746
Random Forest,7-day,0.23684210526315788,0.15714285714285714,0.744
Random Forest,7-day,0.23684210526315788,0.18571428571428572,0.73
Random Forest,7-day,0.2894736842105263,0.18571428571428572,0.722
Random Forest,7-day,0.2894736842105263,0.2,0.72
Random Forest,7-day,0.3684210526315789,0.2,0.7
Random Forest,7-day,0.3684210526315789,0.24285714285714285,0.684
Random Forest,7-day,0.39473684210526316,0.2571428571428571,0.678
Random Forest,7-day,0.39473684210526316,0.2857142857142857,0.674
Random Forest,7-day,0.47368421052631576,0.2857142857142857,0.664
Random Forest,7-day,0.47368421052631576,0.3,0.66
Random Forest,7-day,0.47368421052631576,0.34285714285714286,0.658
Random Forest,7-day,0.5,0.34285714285714286,0.648
Random Forest,7-day,0.5,0.37142857142857144,0.642
Random Forest,7-day,0.5263157894736842,0.37142857142857144,0.636
Random Forest,7-day,0.5263157894736842,0.4,0.626
Random Forest,7-day,0.5526315789473685,0.42857142857142855,0.624
Random Forest,7-day,0.5526315789473685,0.44285714285714284,0.622
Random Forest,7-day,0.5789473684210527,0.4714285714285714,0.62
Random Forest,7-day,0.5789473684210527,0.4857142857142857,0.606
Random Forest,7-day,0.6052631578947368,0.4857142857142857,0.6
Random Forest,7-day,0.6052631578947368,0.5428571428571428,0.548
Random Forest,7-day,0.6578947368421053,0.5428571428571428,0.536
Random Forest,7-day,0.6578947368421053,0.5571428571428572,0.53
Random Forest,7-day,0.6842105263157895,0.5571428571428572,0.528
Random Forest,7-day,0.6842105263157895,0.5714285714285714,0.524
Random Forest,7-day,0.7105263157894737,0.5714285714285714,0.52
Random Forest,7-day,0.7105263157894737,0.5857142857142857,0.502
Random Forest,7-day,0.7894736842105263,0.5857142857142857,0.482
Random Forest,7-day,0.8421052631578947,0.6142857142857143,0.48
Random Forest,7-day,0.8421052631578947,0.6285714285714286,0.478
Random Forest,7-day,0.868421052631579,0.6428571428571429,0.468
Random Forest,7-day,0.8947368421052632,0.6428571428571429,0.46
Random Forest,7-day,0.9210526315789473,0.6571428571428571,0.45
Random Forest,7-day,0.9736842105263158,0.6571428571428571,0.444
Random Forest,7-day,1.0,0.6571428571428571,0.43
Random Forest,7-day,1.0,0.9,0.266
Random Forest,7-day,1.0,0.9285714285714286,0.256
Random Forest,7-day,1.0,1.0,0.098
LSTM,7-day,0.0,0.0,inf
LSTM,7-day,0.0,0.014285714285714285,0.6676580905914307
LSTM,7-day,0.0,0.11428571428571428,0.6278576254844666
LSTM,7-day,0.02631578947368421,0.11428571428571428,0.6247580051422119
LSTM,7-day,0.02631578947368421,0.14285714285714285,0.6121095418930054
LSTM,7-day,0.05263157894736842,0.14285714285714285,0.6101041436195374
LSTM,7-day,0.05263157894736842,0.21428571428571427,0.5911219120025635
LSTM,7-day,0.10526315789473684,0.21428571428571427,0.5879710912704468
LSTM,7-day,0.10526315789473684,0.22857142857142856,0.5859633088111877
LSTM,7-day,0.15789473684210525,0.22857142857142856,0.5829523801803589
LSTM,7-day,0.15789473684210525,0.24285714285714285,0.5823308229446411
LSTM,7-day,0.21052631578947367,0.24285714285714285,0.5808627605438232
LSTM,7-day,0.21052631578947367,0.2571428571428571,0.5795000791549683
LSTM,7-day,0.23684210526315788,0.2571428571428571,0.5764881372451782
LSTM,7-day,0.23684210526315788,0.3,0.5738476514816284
LSTM,7-day,0.2894736842105263,0.3,0.5697388648986816
LSTM,7-day,0.2894736842105263,0.3142857142857143,0.5686752796173096
LSTM,7-day,0.34210526315789475,0.3142857142857143,0.5637577772140503
LSTM,7-day,0.34210526315789475,0.32857142857142857,0.5625051259994507
LSTM,7-day,0.3684210526315789,0.32857142857142857,0.561587393283844
LSTM,7-day,0.3684210526315789,0.34285714285714286,0.55975341796875
LSTM,7-day,0.42105263157894735,0.34285714285714286,0.5557000637054443
LSTM,7-day,0.42105263157894735,0.35714285714285715,0.5541244745254517
LSTM,7-day,0.4473684210526316,0.35714285714285715,0.5535906553268433
LSTM,7-day,0.4473684210526316,0.42857142857142855,0.5475139617919922
LSTM,7-day,0.47368421052631576,0.42857142857142855,0.5422263741493225
LSTM,7-day,0.47368421052631576,0.44285714285714284,0.5415056943893433
LSTM,7-day,0.5,0.44285714285714284,0.541313648223877
LSTM,7-day,0.5,0.5,0.5329195857048035
LSTM,7-day,0.5263157894736842,0.5,0.5323885679244995
LSTM,7-day,0.5263157894736842,0.5428571428571428,0.5315530896186829
LSTM,7-day,0.5789473684210527,0.5428571428571428,0.5279486179351807
LSTM,7-day,0.5789473684210527,0.5571428571428572,0.5265746116638184
LSTM,7-day,0.6052631578947368,0.5571428571428572,0.5257421731948853
LSTM,7-day,0.6052631578947368,0.5714285714285714,0.5232669711112976
LSTM,7-day,0.631578947368421,0.5714285714285714,0.5218607187271118
LSTM,7-day,0.631578947368421,0.5857142857142857,0.521440863609314
LSTM,7-day,0.6578947368421053,0.5857142857142857,0.5211852788925171
LSTM,7-day,0.6578947368421053,0.6571428571428571,0.5125519037246704
LSTM,7-day,0.7105263157894737,0.6571428571428571,0.5118986368179321
LSTM,7-day,0.7105263157894737,0.6714285714285714,0.507671594619751
LSTM,7-day,0.7368421052631579,0.6714285714285714,0.5058568120002747
LSTM,7-day,0.7368421052631579,0.6857142857142857,0.5057053565979004
LSTM,7-day,0.7631578947368421,0.6857142857142857,0.505434513092041
LSTM,7-day,0.7631578947368421,0.7428571428571429,0.502601683139801
LSTM,7-day,0.7894736842105263,0.7428571428571429,0.5018169283866882
LSTM,7-day,0.7894736842105263,0.7714285714285715,0.5005743503570557
LSTM,7-day,0.8157894736842105,0.7714285714285715,0.5002124309539795
LSTM,7-day,0.8157894736842105,0.8142857142857143,0.49664101004600525
LSTM,7-day,0.8421052631578947,0.8142857142857143,0.4914713203907013
LSTM,7-day,0.8421052631578947,0.8428571428571429,0.48947346210479736
LSTM,7-day,0.8947368421052632,0.8428571428571429,0.4865478575229645
LSTM,7-day,0.8947368421052632,0.8714285714285714,0.485903263092041
LSTM,7-day,0.9473684210526315,0.8714285714285714,0.48576071858406067
LSTM,7-day,0.9473684210526315,0.9,0.4818502962589264
LSTM,7-day,0.9736842105263158,0.9,0.48125046491622925
LSTM,7-day,0.9736842105263158,0.9142857142857143,0.48076876997947693
LSTM,7-day,1.0,0.9142857142857143,0.4752339720726013
LSTM,7-day,1.0,1.0,0.41857999563217163
Logistic Regression,30-day,0.0,0.0,inf
Logistic Regression,30-day,0.0,0.011904761904761904,0.6938862053799932
Logistic Regression,30-day,0.125,0.011904761904761904,0.6568745748099988
Logistic Regression,30-day,0.125,0.023809523809523808,0.6530738948058136
Logistic Regression,30-day,0.16666666666666666,0.023809523809523808,0.6464322820201868
Logistic Regression,30-day,0.16666666666666666,0.07142857142857142,0.6198926782229016
Logistic Regression,30-day,0.20833333333333334,0.07142857142857142,0.617414639573521
Logistic Regression,30-day,0.20833333333333334,0.08333333333333333,0.6121352652529558
Logistic Regression,30-day,0.2916666666666667,0.08333333333333333,0.6028940985413123
Logistic Regression,30-day,0.2916666666666667,0.14285714285714285,0.5905845082180486
Logistic Regression,30-day,0.3333333333333333,0.14285714285714285,0.5857532102307438
Logistic Regression,30-day,0.3333333333333333,0.27380952380952384,0.5524772101094284
Logistic Regression,30-day,0.375,0.27380952380952384,0.5516259366149204
Logistic Regression,30-day,0.375,0.40476190476190477,0.5308911061048934
Logistic Regression,30-day,0.4166666666666667,0.40476190476190477,0.5304757800299126
Logistic Regression,30-day,0.4166666666666667,0.4166666666666667,0.5304320590739952
Logistic Regression,30-day,0.4583333333333333,0.4166666666666667,0.5282129295936191
Logistic Regression,30-day,0.4583333333333333,0.5,0.5098294690058525
Logistic Regression,30-day,0.5416666666666666,0.5,0.5079687301084426
Logistic Regression,30-day,0.5416666666666666,0.5714285714285714,0.49638928590302855
Logistic Regression,30-day,0.5833333333333334,0.5714285714285714,0.4933889363004074
Logistic Regression,30-day,0.5833333333333334,0.6190476190476191,0.4886631224980103
Logistic Regression,30-day,0.625,0.6190476190476191,0.4876790180179247
Logistic Regression,30-day,0.625,0.6666666666666666,0.4782542566940831
Logistic Regression,30-day,0.6666666666666666,0.6666666666666666,0.47666699675144897
Logistic Regression,30-day,0.6666666666666666,0.7023809523809523,0.4714328946465522
Logistic Regression,30-day,0.7083333333333334,0.7023809523809523,0.47004699982749226
Logistic Regression,30-day,0.7083333333333334,0.7261904761904762,0.46722993016347647
Logistic Regression,30-day,0.75,0.7261904761904762,0.46217825974274823
Logistic Regression,30-day,0.75,0.75,0.45945822963403626
Logistic Regression,30-day,0.8333333333333334,0.75,0.45533113764514593
Logistic Regression,30-day,0.8333333333333334,0.8214285714285714,0.42896633191570666
Logistic Regression,30-day,0.875,0.8214285714285714,0.42224241293635467
Logistic Regression,30-day,0.875,0.8452380952380952,0.41255485238784695
Logistic Regression,30-day,1.0,0.8452380952380952,0.40370571469300687
Logistic Regression,30-day,1.0,1.0,0.27546763035341665
SVM,30-day,0.0,0.0,inf
SVM,30-day,0.041666666666666664,0.0,0.8116365390781082
SVM,30-day,0.08333333333333333,0.0,0.8104121256239669
SVM,30-day,0.08333333333333333,0.011904761904761904,0.8088252848706844
SVM,30-day,0.125,0.011904761904761904,0.795453945294146
SVM,30-day,0.125,0.03571428571428571,0.7835946739961926
SVM,30-day,0.16666666666666666,0.03571428571428571,0.7734875134184103
SVM,30-day,0.16666666666666666,0.09523809523809523,0.7303955139646499
SVM,30-day,0.20833333333333334,0.09523809523809523,0.7293637329300046
SVM,30-day,0.20833333333333334,0.10714285714285714,0.71894926855118
SVM,30-day,0.3333333333333333,0.10714285714285714,0.7032275551920988
SVM,30-day,0.3333333333333333,0.19047619047619047,0.6759944533596942
SVM,30-day,0.375,0.19047619047619047,0.6702587026436864
SVM,30-day,0.375,0.23809523809523808,0.658370072585636
SVM,30-day,0.4166666666666667,0.23809523809523808,0.6567744309854401
SVM,30-day,0.4166666666666667,0.38095238095238093,0.6330841639841508
SVM,30-day,0.4583333333333333,0.38095238095238093,0.6261571756703996
SVM,30-day,0.4583333333333333,0.4166666666666667,0.6201755418681955
SVM,30-day,0.5416666666666666,0.4166666666666667,0.6052005625900378
SVM,30-day,0.5416666666666666,0.44047619047619047,0.6040614633495052
SVM,30-day,0.5833333333333334,0.44047619047619047,0.601284319997028
SVM,30-day,0.5833333333333334,0.4880952380952381,0.5886974118690079
SVM,30-day,0.625,0.4880952380952381,0.5866376831340745
SVM,30-day,0.625,0.5,0.5812089228019366
SVM,30-day,0.6666666666666666,0.5,0.5810396308148457
SVM,30-day,0.6666666666666666,0.5833333333333334,0.5481531611238759
SVM,30-day,0.7083333333333334,0.5833333333333334,0.5459347987867001
SVM,30-day,0.7083333333333334,0.6071428571428571,0.5323069689809232
SVM,30-day,0.75,0.6071428571428571,0.5307359201712006
SVM,30-day,0.75,0.6785714285714286,0.48301953556036037
SVM,30-day,0.7916666666666666,0.6785714285714286,0.47529359138748317
SVM,30-day,0.7916666666666666,0.8809523809523809,0.3761262636267769
SVM,30-day,0.8333333333333334,0.8809523809523809,0.3374460131766117
SVM,30-day,0.8333333333333334,0.9166666666666666,0.29937742185369537
SVM,30-day,0.875,0.9166666666666666,0.2916034583827173
SVM,30-day,0.875,0.9523809523809523,0.27210037859134223
SVM,30-day,0.9166666666666666,0.9523809523809523,0.2688230792331635
SVM,30-day,0.9166666666666666,0.9880952380952381,0.23031697939331752
SVM,30-day,0.9583333333333334,0.9880952380952381,0.21299647076720304
SVM,30-day,0.9583333333333334,1.0,0.2113335220518188
SVM,30-day,1.0,1.0,0.1970898218701132
Random Forest,30-day,0.0,0.0,inf
Random Forest,30-day,0.041666666666666664,0.0,0.944
Random Forest,30-day,0.125,0.0,0.926
Random Forest,30-day,0.125,0.011904761904761904,0.918
Random Forest,30-day,0.16666666666666666,0.011904761904761904,0.908
Random Forest,30-day,0.3333333333333333,0.011904761904761904,0.866
Random Forest,30-day,0.3333333333333333,0.023809523809523808,0.832
Random Forest,30-day,0.4166666666666667,0.023809523809523808,0.806
Random Forest,30-day,0.4583333333333333,0.03571428571428571,0.79
Random Forest,30-day,0.5416666666666666,0.03571428571428571,0.762
Random Forest,30-day,0.5416666666666666,0.05952380952380952,0.736
Random Forest,30-day,0.5416666666666666,0.08333333333333333,0.732
Random Forest,30-day,0.5416666666666666,0.13095238095238096,0.714
Random Forest,30-day,0.5833333333333334,0.13095238095238096,0.698
Random Forest,30-day,0.5833333333333334,0.16666666666666666,0.68
Random Forest,30-day,0.5833333333333334,0.19047619047619047,0.672
Random Forest,30-day,0.625,0.19047619047619047,0.664
Random Forest,30-day,0.625,0.20238095238095238,0.656
Random Forest,30-day,0.625,0.2261904761904762,0.654
Random Forest,30-day,0.625,0.27380952380952384,0.64
Random Forest,30-day,0.6666666666666666,0.2857142857142857,0.638
Random Forest,30-day,0.6666666666666666,0.32142857142857145,0.592
Random Forest,30-day,0.6666666666666666,0.34523809523809523,0.588
Random Forest,30-day,0.6666666666666666,0.36904761904761907,0.578
Random Forest,30-day,0.6666666666666666,0.40476190476190477,0.576
Random Forest,30-day,0.6666666666666666,0.4166666666666667,0.566
Random Forest,30-day,0.7083333333333334,0.42857142857142855,0.562
Random Forest,30-day,0.7083333333333334,0.4642857142857143,0.536
Random Forest,30-day,0.7083333333333334,0.4880952380952381,0.534
Random Forest,30-day,0.7083333333333334,0.5,0.532
Random Forest,30-day,0.7083333333333334,0.5476190476190477,0.526
Random Forest,30-day,0.7083333333333334,0.5952380952380952,0.506
Random Forest,30-day,0.75,0.5952380952380952,0.504
Random Forest,30-day,0.75,0.6190476190476191,0.496
Random Forest,30-day,0.7916666666666666,0.6309523809523809,0.494
Random Forest,30-day,0.7916666666666666,0.6904761904761905,0.458
Random Forest,30-day,0.7916666666666666,0.7142857142857143,0.456
Random Forest,30-day,0.8333333333333334,0.7380952380952381,0.45
Random Forest,30-day,0.8333333333333334,0.8452380952380952,0.404
Random Forest,30-day,0.875,0.8571428571428571,0.4
Random Forest,30-day,0.875,0.8690476190476191,0.382
Random Forest,30-day,0.875,0.8928571428571429,0.38
Random Forest,30-day,0.875,0.9166666666666666,0.36
Random Forest,30-day,0.9166666666666666,0.9404761904761905,0.332
Random Forest,30-day,0.9166666666666666,0.9880952380952381,0.256
Random Forest,30-day,0.9583333333333334,0.9880952380952381,0.246
Random Forest,30-day,0.9583333333333334,1.0,0.24
Random Forest,30-day,1.0,1.0,0.206
LSTM,30-day,0.0,0.0,inf
LSTM,30-day,0.0,0.011904761904761904,0.5752964019775391
LSTM,30-day,0.0,0.08333333333333333,0.5213727355003357
LSTM,30-day,0.041666666666666664,0.08333333333333333,0.5209497809410095
LSTM,30-day,0.041666666666666664,0.4166666666666667,0.4971385896205902
LSTM,30-day,0.08333333333333333,0.4166666666666667,0.49549946188926697
LSTM,30-day,0.08333333333333333,0.5833333333333334,0.48538580536842346
LSTM,30-day,0.125,0.5833333333333334,0.48523932695388794
LSTM,30-day,0.125,0.6071428571428571,0.4804631173610687
LSTM,30-day,0.16666666666666666,0.6071428571428571,0.47839677333831787
LSTM,30-day,0.16666666666666666,0.6547619047619048,0.47547459602355957
LSTM,30-day,0.25,0.6547619047619048,0.4745049476623535
LSTM,30-day,0.25,0.6666666666666666,0.4741165041923523
LSTM,30-day,0.2916666666666667,0.6666666666666666,0.47256410121917725
LSTM,30-day,0.2916666666666667,0.6904761904761905,0.47148755192756653
LSTM,30-day,0.3333333333333333,0.6904761904761905,0.46680235862731934
LSTM,30-day,0.3333333333333333,0.7261904761904762,0.46480071544647217
LSTM,30-day,0.4166666666666667,0.7261904761904762,0.45633578300476074
LSTM,30-day,0.4166666666666667,0.7619047619047619,0.454595685005188
LSTM,30-day,0.4583333333333333,0.7619047619047619,0.4544965624809265
LSTM,30-day,0.4583333333333333,0.7857142857142857,0.4527060091495514
LSTM,30-day,0.5416666666666666,0.7857142857142857,0.4514123201370239
LSTM,30-day,0.5416666666666666,0.7976190476190477,0.44982051849365234
LSTM,30-day,0.5833333333333334,0.7976190476190477,0.44926050305366516
LSTM,30-day,0.5833333333333334,0.8333333333333334,0.4478799104690552
LSTM,30-day,0.625,0.8333333333333334,0.4476047158241272
LSTM,30-day,0.625,0.8571428571428571,0.44713959097862244
LSTM,30-day,0.75,0.8571428571428571,0.44462403655052185
LSTM,30-day,0.75,0.8809523809523809,0.4424397945404053
LSTM,30-day,0.7916666666666666,0.8809523809523809,0.4363952577114105
LSTM,30-day,0.7916666666666666,0.9166666666666666,0.43518033623695374
LSTM,30-day,0.875,0.9166666666666666,0.43239060044288635
LSTM,30-day,0.875,0.9285714285714286,0.43207117915153503
LSTM,30-day,0.9166666666666666,0.9285714285714286,0.43151384592056274
LSTM,30-day,0.9166666666666666,0.9404761904761905,0.42561236023902893
LSTM,30-day,0.9583333333333334,0.9404761904761905,0.42155760526657104
LSTM,30-day,0.9583333333333334,0.9642857142857143,0.4147518575191498
LSTM,30-day,1.0,0.9642857142857143,0.4129689037799835
LSTM,30-day,1.0,1.0,0.4018000066280365
