date,title,url,domain,language,neg,neu,pos,compound,ticker
20200501T033000Z,Coronavirus crisis : Panic borrowing calms as firms repay credit lines,https://www.independent.ie/business/world/panic-borrowing-calms-as-firms-repay-credit-lines-39172345.html,independent.ie,English,0.404,0.328,0.268,-0.5423,CRST
20200504T233000Z,29 Oregon - filmed movies and TV shows to watch when youre home because of coronavirus,https://www.oregonlive.com/entertainment/2020/05/29-oregon-filmed-movies-and-tv-shows-to-watch-when-youre-home-because-of-coronavirus.html,oregonlive.com,English,0.0,1.0,0.0,0.0,CRST
20200507T094500Z,dpa - AFX Overview : Analyst recommendations on U . K . stocks,https://www.finanznachrichten.de/nachrichten-2020-05/49588081-dpa-afx-overview-analyst-recommendations-on-u-k-stocks-020.htm,finanznachrichten.de,English,0.0,1.0,0.0,0.0,CRST
20200508T011500Z,Woman anger over  disgracefully  long delay in opening Bath bridge which has been shut since 2013,https://www.somersetlive.co.uk/news/somerset-news/womans-anger-over-disgracefully-long-4105746,somersetlive.co.uk,English,0.3,0.7,0.0,-0.7184,CRST
20200513T073000Z,Crest Nicholson eyes phased restart of operations next week | 13 May 2020,https://www.stockmarketwire.com/article/6917225/Crest-Nicholson-eyes-phased-restart-of-operations-next-week.html,stockmarketwire.com,English,0.0,1.0,0.0,0.0,CRST
20200513T090000Z,Housebuilders open up after lockdown measures eased,https://www.pressandjournal.co.uk/business/uk-and-abroad/2201962/housebuilders-open-up-after-lockdown-measures-eased/,pressandjournal.co.uk,English,0.0,0.732,0.268,0.296,CRST
20200513T090000Z,Housebuilders open up after lockdown measures eased,https://www.eveningexpress.co.uk/news/business/housebuilders-open-up-after-lockdown-measures-eased/,eveningexpress.co.uk,English,0.0,0.732,0.268,0.296,CRST
20200513T094500Z,Housebuilders open up after lockdown measures eased,https://www.independent.ie/world-news/housebuilders-open-up-after-lockdown-measures-eased-39202857.html,independent.ie,English,0.0,0.732,0.268,0.296,CRST
20200513T101500Z,Housebuilders open up after lockdown measures eased,https://www.aol.co.uk/news/2020/05/13/housebuilders-open-up-after-lockdown-measures-eased/,aol.co.uk,English,0.0,0.732,0.268,0.296,CRST
20200513T101500Z,Crest Nicholson to reopen construction sites | Mortgage Introducer,https://www.mortgageintroducer.com/crest-nicholson-reopen-construction,mortgageintroducer.com,English,0.0,1.0,0.0,0.0,CRST
20200513T113000Z,UK housing market : Estate agent and developer stocks jump as rules relax : CityAM,https://www.cityam.com/estate-agent-and-developer-stocks-jump-as-restrictions-on-uk-housing-market-ease/,cityam.com,English,0.0,0.805,0.195,0.4404,CRST
20200513T113000Z,Crest Nicholson starts reopening next week,https://www.theconstructionindex.co.uk/news/view/crest-nicholson-starts-reopening-next-week,theconstructionindex.co.uk,English,0.0,1.0,0.0,0.0,CRST
20200513T113000Z,Coronavirus united kingdom : Homes flood the market as desperate owners battle to sell,https://www.dailymail.co.uk/news/article-8315081/Coronavirus-UK-Homes-flood-market-desperate-owners-battle-sell.html,dailymail.co.uk,English,0.277,0.565,0.158,-0.2732,CRST
20200513T120000Z,FTSE lower at midday | 13 May 2020 | Stock Market Wire,https://www.stockmarketwire.com/article/6917783/FTSE-lower-at-midday.html,stockmarketwire.com,English,0.196,0.804,0.0,-0.296,CRST
20200513T140000Z,Taylor Wimpey gives NHS staff 5 % discount on new home,https://www.thisismoney.co.uk/money/markets/article-8314575/Taylor-Wimpey-gives-NHS-staff-5-discount-new-home.html,thisismoney.co.uk,English,0.0,1.0,0.0,0.0,CRST
20200513T163000Z,Crest Nicholson to reopen sites as house moves permitted,https://www.constructionnews.co.uk/buildings/crest-nicholson-to-reopen-sites-as-house-moves-permitted-13-05-2020/,constructionnews.co.uk,English,0.0,1.0,0.0,0.0,CRST
20200513T163000Z,Crest Nicholson to reopen sites next week,https://www.building.co.uk/news/crest-nicholson-to-reopen-sites-next-week/5105977.article,building.co.uk,English,0.0,1.0,0.0,0.0,CRST
20200513T183000Z,"Building sites allowed to stay open longer , says Communities Secretary",https://www.bucksfreepress.co.uk/news/national/18447248.building-sites-allowed-stay-open-longer-says-communities-secretary/,bucksfreepress.co.uk,English,0.0,1.0,0.0,0.0,CRST
20200513T183000Z,"Building sites allowed to stay open longer , says Communities Secretary",https://www.somersetcountygazette.co.uk/news/national/18447248.building-sites-allowed-stay-open-longer-says-communities-secretary/,somersetcountygazette.co.uk,English,0.0,1.0,0.0,0.0,CRST
20200513T183000Z,"Building sites allowed to stay open longer , says Communities Secretary",https://www.halesowennews.co.uk/news/national/18447248.building-sites-allowed-stay-open-longer-says-communities-secretary/,halesowennews.co.uk,English,0.0,1.0,0.0,0.0,CRST
20200513T183000Z,"Building sites allowed to stay open longer , says Communities Secretary",https://www.wandsworthguardian.co.uk/news/national/18447248.building-sites-allowed-stay-open-longer-says-communities-secretary/,wandsworthguardian.co.uk,English,0.0,1.0,0.0,0.0,CRST
20200513T183000Z,"Building sites allowed to stay open longer , says Communities Secretary",https://www.tivysideadvertiser.co.uk/news/national/18447248.building-sites-allowed-stay-open-longer-says-communities-secretary/,tivysideadvertiser.co.uk,English,0.0,1.0,0.0,0.0,CRST
20200513T183000Z,"Building sites allowed to stay open longer , says Communities Secretary",https://www.harrowtimes.co.uk/news/national/18447248.building-sites-allowed-stay-open-longer-says-communities-secretary/,harrowtimes.co.uk,English,0.0,1.0,0.0,0.0,CRST
20200513T183000Z,"Building sites allowed to stay open longer , says Communities Secretary",https://www.guardian-series.co.uk/news/national-news/18447248.building-sites-allowed-stay-open-longer-says-communities-secretary/,guardian-series.co.uk,English,0.0,1.0,0.0,0.0,CRST
20200513T183000Z,"Building sites allowed to stay open longer , says Communities Secretary",https://www.times-series.co.uk/news/national/18447248.building-sites-allowed-stay-open-longer-says-communities-secretary/,times-series.co.uk,English,0.0,1.0,0.0,0.0,CRST
20200513T183000Z,"Building sites allowed to stay open longer , says Communities Secretary",https://www.braintreeandwithamtimes.co.uk/news/national/18447248.building-sites-allowed-stay-open-longer-says-communities-secretary/,braintreeandwithamtimes.co.uk,English,0.0,1.0,0.0,0.0,CRST
20200513T184500Z,"Building sites allowed to stay open longer , says Communities Secretary",https://www.aol.co.uk/news/2020/05/13/building-sites-allowed-to-stay-open-longer-says-communities-sec/,aol.co.uk,English,0.0,1.0,0.0,0.0,CRST
20200513T190000Z,"Building sites allowed to stay open longer , says Communities Secretary",https://www.eveningexpress.co.uk/news/business/building-sites-allowed-to-stay-open-longer-says-communities-secretary/,eveningexpress.co.uk,English,0.0,1.0,0.0,0.0,CRST
20200513T190000Z,"Building sites allowed to stay open longer , says Communities Secretary",https://jerseyeveningpost.com/news/uk-news/2020/05/13/building-sites-allowed-to-stay-open-longer-says-communities-secretary/,jerseyeveningpost.com,English,0.0,1.0,0.0,0.0,CRST
20200513T191500Z,"Building sites allowed to stay open longer , says Communities Secretary",https://www.eveningtelegraph.co.uk/2020/05/13/building-sites-allowed-to-stay-open-longer-says-communities-secretary/,eveningtelegraph.co.uk,English,0.0,1.0,0.0,0.0,CRST
20200513T191500Z,"Housing market restarts , but could stutter",https://www.investorschronicle.co.uk/shares/2020/05/13/housing-market-restarts-but-could-stutter/,investorschronicle.co.uk,English,0.333,0.667,0.0,-0.3612,CRST
20200513T193000Z,FTSE closes sharply lower | 13 May 2020 | Stock Market Wire,https://www.stockmarketwire.com/article/6918419/FTSE-closes-sharply-lower.html,stockmarketwire.com,English,0.196,0.804,0.0,-0.296,CRST
20200513T200000Z,"Building sites allowed to stay open longer , says Communities Secretary",https://www.pressandjournal.co.uk/business/uk-and-abroad/2202799/building-sites-allowed-to-stay-open-longer-says-communities-secretary/,pressandjournal.co.uk,English,0.0,1.0,0.0,0.0,CRST
20200513T204500Z,Government launches plan to kick - start U . K . housing industry,https://www.marketwatch.com/story/government-launches-plan-to-kick-start-uk-housing-industry-2020-05-13,marketwatch.com,English,0.0,1.0,0.0,0.0,CRST
20200513T221500Z,"Building sites in residential areas can open at night to allow social distancing , Government says",https://www.standard.co.uk/news/uk/building-sites-reopen-robert-jenrick-a4439986.html,standard.co.uk,English,0.0,0.881,0.119,0.2263,CRST
20200514T074500Z,Builders Persimmon and MJ Gleeson to reopen offices after restrictions ease,https://www.independent.ie/world-news/builders-persimmon-and-mj-gleeson-to-reopen-offices-after-restrictions-ease-39205585.html,independent.ie,English,0.0,0.8,0.2,0.3612,CRST
20200514T090000Z,Builders Persimmon and MJ Gleeson to reopen offices after restrictions ease,https://www.eveningexpress.co.uk/news/business/builders-persimmon-and-mj-gleeson-to-reopen-offices-after-restrictions-ease/,eveningexpress.co.uk,English,0.0,0.8,0.2,0.3612,CRST
20200514T093000Z,Builders Persimmon and MJ Gleeson to reopen offices after restrictions ease,https://www.aol.co.uk/news/2020/05/14/builders-persimmon-and-mj-gleeson-to-reopen-offices-after-restri/,aol.co.uk,English,0.0,0.8,0.2,0.3612,CRST
20200514T093000Z,Builders Persimmon and MJ Gleeson to reopen offices after restrictions ease,https://www.pressandjournal.co.uk/business/uk-and-abroad/2202961/builders-persimmon-and-mj-gleeson-to-reopen-offices-after-restrictions-ease/,pressandjournal.co.uk,English,0.0,0.8,0.2,0.3612,CRST
20200514T104500Z,"Building sites allowed to stay open longer , says Communities Secretary",https://www.expressandstar.com/news/uk-news/2020/05/13/building-sites-allowed-to-stay-open-longer-says-communities-secretary/,expressandstar.com,English,0.0,1.0,0.0,0.0,CRST
20200514T104500Z,Coronavirus united kingdom : Mortgage firms could pull deals even AFTER home buyers have exchanged,https://www.dailymail.co.uk/news/article-8318651/Coronavirus-UK-Mortgage-firms-pull-deals-home-buyers-exchanged.html,dailymail.co.uk,English,0.0,0.823,0.177,0.4215,CRST
20200514T113000Z,Persimmon reopening sales sites and show homes this Friday,https://www.dailymail.co.uk/money/markets/article-8318577/Persimmon-reopening-sales-sites-homes-Friday.html,dailymail.co.uk,English,0.0,1.0,0.0,0.0,CRST
20200514T143000Z,"Building sites allowed to stay open longer , says Communities Secretary",https://www.shropshirestar.com/news/uk-news/2020/05/13/building-sites-allowed-to-stay-open-longer-says-communities-secretary/,shropshirestar.com,English,0.0,1.0,0.0,0.0,CRST
20200514T144500Z,Persimmon reopening sales sites and show homes this Friday,https://www.thisismoney.co.uk/money/markets/article-8318577/Persimmon-reopening-sales-sites-homes-Friday.html,thisismoney.co.uk,English,0.0,1.0,0.0,0.0,CRST
20200514T144500Z,Buyers are demanding big discounts as housing market bursts back into life following lockdown,https://www.thisismoney.co.uk/news/article-8317129/Buyers-demanding-big-discounts-housing-market-bursts-life-following-lockdown.html,thisismoney.co.uk,English,0.128,0.872,0.0,-0.2263,CRST
20200514T233000Z,Housebuilding to fall by a third as sites reopen with strict new rules,https://www.thisismoney.co.uk/money/article-8320719/Housebuilding-fall-sites-reopen-strict-new-rules.html,thisismoney.co.uk,English,0.0,1.0,0.0,0.0,CRST
20200515T010000Z,Housebuilding to fall by a third as sites reopen with strict new rules,https://www.dailymail.co.uk/money/article-8320719/Housebuilding-fall-sites-reopen-strict-new-rules.html,dailymail.co.uk,English,0.0,1.0,0.0,0.0,CRST
20200519T003000Z,Minor flooding across county after 3 to 4 . 5 inches of rain,https://journaltimes.com/news/local/minor-flooding-across-county-after-3-to-4-5-inches-of-rain/article_2edd4d9c-ded0-5dac-b819-43c88bbaaac5.html,journaltimes.com,English,0.0,1.0,0.0,0.0,CRST
20200521T073000Z,Shares in housebuilders recover from depths of covid slump,https://www.building.co.uk/news/shares-in-housebuilders-recover-from-depths-of-covid-slump/5106064.article,building.co.uk,English,0.0,0.784,0.216,0.296,CRST
20200521T104500Z,"Inside Track : Property & Real Estate - In the media , Published research , In practice and courts , recent Cases and Legislation - Real Estate and Construction",https://www.mondaq.com/australia/landlord-tenant--leases/938558/inside-track-property-real-estate--in-the-media-published-research-in-practice-and-courts-recent-cases-and-legislation,mondaq.com,English,0.0,1.0,0.0,0.0,CRST
20200523T054500Z,Opinion : Woman claims two - way bus route on  narrow  Bath street would be a  nightmare  ,https://www.somersetlive.co.uk/news/somerset-news/opinion-woman-claims-two-way-4148028,somersetlive.co.uk,English,0.0,1.0,0.0,0.0,CRST
20200526T100000Z,dpa - AFX Overview : Analyst recommendations on U . K . stocks,https://www.finanznachrichten.de/nachrichten-2020-05/49751354-dpa-afx-overview-analyst-recommendations-on-u-k-stocks-020.htm,finanznachrichten.de,English,0.0,1.0,0.0,0.0,CRST
20200527T183000Z,Plans for Ipswich garden suburb at Henley Gate move one step closer,https://www.ipswichstar.co.uk/news/ipswich-garden-suburb-at-henley-gate-latest-1-6672940,ipswichstar.co.uk,English,0.0,1.0,0.0,0.0,CRST
20200527T191500Z,Plans for Ipswich garden suburb at Henley Gate move one step closer,https://www.eadt.co.uk/news/ipswich-garden-suburb-at-henley-gate-latest-1-6672940,eadt.co.uk,English,0.0,1.0,0.0,0.0,CRST
20200528T103000Z,Ilke decides to speculate to accumulate,https://www.theconstructionindex.co.uk/news/view/ilke-decides-to-speculate-to-accumulate,theconstructionindex.co.uk,English,0.0,1.0,0.0,0.0,CRST
20200529T014500Z,Live coronavirus updates : Latinos make up one - third of cases in Milwaukee County,https://www.msn.com/en-us/news/us/live-coronavirus-updates-latinos-make-up-one-third-of-cases-in-milwaukee-county/ar-BB14CeRL,msn.com,English,0.0,1.0,0.0,0.0,CRST
20200529T194500Z,Live coronavirus updates : Sobelman in Waukesha closes again after employee tests positive,https://www.msn.com/en-us/money/other/live-coronavirus-updates-sobelman-s-in-waukesha-closes-again-after-employee-tests-positive/ar-BB14CeRL,msn.com,English,0.0,0.753,0.247,0.5574,CRST
20200529T201500Z,Live coronavirus updates : Wisconsin has highest single - day case count yet by far ( but also highest test volume ) ,https://www.msn.com/en-us/news/us/live-coronavirus-updates-wisconsin-has-highest-single-day-case-count-yet-by-far-but-also-highest-test-volume/ar-BB14CeRL,msn.com,English,0.0,1.0,0.0,0.0,CRST
20200530T151500Z,Live coronavirus updates : Surge of coronavirus cases hits predominantly Latino neighborhoods on Milwaukee south side,https://www.msn.com/en-us/news/us/live-coronavirus-updates-surge-of-coronavirus-cases-hits-predominantly-latino-neighborhoods-on-milwaukee-s-south-side/ar-BB14CeRL,msn.com,English,0.0,1.0,0.0,0.0,CRST
20200531T044500Z,Planning applications approved and refused in Swindon this week,https://www.swindonadvertiser.co.uk/news/18486378.planning-applications-approved-refused-swindon-week/,swindonadvertiser.co.uk,English,0.183,0.583,0.233,0.1531,CRST
20200531T070000Z,Planning applications approved and refused in Swindon this week,https://www.thisiswiltshire.co.uk/news/18486378.planning-applications-approved-refused-swindon-week/,thisiswiltshire.co.uk,English,0.183,0.583,0.233,0.1531,CRST
20200602T120000Z,Bowmer & Kirkland to reclad flats over fire - safety concerns,https://www.constructionnews.co.uk/health-and-safety/bowmer-kirkland-to-reclad-flats-over-fire-safety-concerns-02-06-2020/,constructionnews.co.uk,English,0.197,0.574,0.23,0.1027,CRST
20200603T091500Z,Construction contract volumes return to normal,https://www.theconstructionindex.co.uk/news/view/construction-contract-volumes-return-to-normal,theconstructionindex.co.uk,English,0.0,1.0,0.0,0.0,CRST
20200603T150000Z,Investegate |Crest Nicholson Hdgs Announcements | Crest Nicholson Hdgs : Holding ( s ) in Company,https://www.investegate.co.uk/crest-nicholson-hdgs--crst-/rns/holding-s--in-company/202006031529468657O/,investegate.co.uk,English,0.0,1.0,0.0,0.0,CRST
20200604T091500Z,"Subway changes , school schedules , parks shortfalls : News from around our 50 states",https://www.msn.com/en-us/news/us/subway-changes-school-schedules-parks-shortfalls-news-from-around-our-50-states/ar-BB1518Ch,msn.com,English,0.0,1.0,0.0,0.0,CRST
20200611T064500Z,Investegate |Urban Plc Announcements | Urban Plc : Results for the six months to 31 March 2020,https://www.investegate.co.uk/urban--38-civic-plc--uanc-/rns/results-for-the-six-months-to-31-march-2020/202006110700066027P/,investegate.co.uk,English,0.0,1.0,0.0,0.0,CRST
20200611T070000Z,York St John graphic design graduates pay homage to Yorkshire,https://www.dezeen.com/2020/06/11/york-st-johns-graphic-design-vdf-school-shows/,dezeen.com,English,0.135,0.865,0.0,-0.1027,CRST
20200611T111500Z,Investegate |Moss Bros Group Announcements | Moss Bros Group : Scheme becomes Effective,https://www.investegate.co.uk/moss-bros-group--mosb-/rns/scheme-becomes-effective/202006111108096890P/,investegate.co.uk,English,0.0,0.763,0.237,0.4767,CRST
20200611T214500Z,  I didnt sleep with everyone ... I wouldnt have had time to paint ! ,https://www.dailymail.co.uk/home/books/article-8412077/I-didnt-sleep-wouldnt-time-paint.html,dailymail.co.uk,English,0.0,1.0,0.0,0.0,CRST
20200612T191500Z,Allegations of excrement being left in ditch by Travellers,https://www.swindonadvertiser.co.uk/news/18514979.allegations-excrement-left-ditch-travellers/,swindonadvertiser.co.uk,English,0.0,1.0,0.0,0.0,CRST
20200612T203000Z,Allegations of excrement being left in ditch by Travellers,https://www.thisiswiltshire.co.uk/news/18514979.allegations-excrement-left-ditch-travellers/,thisiswiltshire.co.uk,English,0.0,1.0,0.0,0.0,CRST
20200615T073000Z,Jimmie Tramel : Box from OKC mayor attic reminds us 1990 was summer of Dick Tracy,https://www.tulsaworld.com/entertainment/movies/jimmie-tramel-box-from-okc-mayors-attic-reminds-us-1990-was-summer-of-dick-tracy/article_be1d7451-353b-5aee-99dc-3d0d154a3eee.html,tulsaworld.com,English,0.191,0.809,0.0,-0.5106,CRST
20200618T084500Z,Chris Loughead appointed development director at Tonbridge housebuilder Fernham Homes,https://www.kentonline.co.uk/kent-business/county-news/housebuilder-hires-development-director-228920/,kentonline.co.uk,English,0.0,1.0,0.0,0.0,CRST
20200618T130000Z,Investegate |Crest Nicholson Hdgs Announcements | Crest Nicholson Hdgs : Covid Corporate Finance Facility,https://www.investegate.co.uk/crest-nicholson-hdgs--crst-/rns/covid-corporate-finance-facility/202006181329234088Q/,investegate.co.uk,English,0.0,1.0,0.0,0.0,CRST
20200618T220000Z,"Taylor Wimpey to repay furlough cash , putting pressure on firms",https://www.dailymail.co.uk/money/markets/article-8437781/Taylor-Wimpey-repay-furlough-cash-putting-pressure-firms.html,dailymail.co.uk,English,0.196,0.804,0.0,-0.296,CRST
20200618T223000Z,"Taylor Wimpey to repay furlough cash , putting pressure on firms",https://www.thisismoney.co.uk/money/markets/article-8437781/Taylor-Wimpey-repay-furlough-cash-putting-pressure-firms.html,thisismoney.co.uk,English,0.196,0.804,0.0,-0.296,CRST
20200619T113000Z,Investegate |Crest Nicholson Hdgs Announcements | Crest Nicholson Hdgs : Holding ( s ) in Company,https://www.investegate.co.uk/crest-nicholson-hdgs--crst-/rns/holding-s--in-company/202006191149025293Q/,investegate.co.uk,English,0.0,1.0,0.0,0.0,CRST
20200619T160000Z,"The week ahead : US GDP ; Nike , Royal Mail , Stagecoach , Tesco results",https://www.cmcmarkets.com/en-nz/news-and-analysis/the-week-ahead-us-gdp-nike-royal-mail-stagecoach-tesco-results,cmcmarkets.com,English,0.0,1.0,0.0,0.0,CRST
20200620T091500Z,A Look At The Intrinsic Value Of Crest Nicholson Holdings plc ( LON : CRST ) ,https://news.yahoo.com/look-intrinsic-value-crest-nicholson-083129995.html,news.yahoo.com,English,0.0,0.821,0.179,0.34,CRST
20200620T220000Z,STOCK WATCH : Will Redknapp help Dowgate keep its eye on the ball ? ,https://www.dailymail.co.uk/money/markets/article-8443153/STOCK-WATCH-Redknapp-help-Dowgate-eye-ball.html,dailymail.co.uk,English,0.0,0.803,0.197,0.4019,CRST
20200620T220000Z,STOCK WATCH : Will Redknapp help Dowgate keep its eye on the ball ? ,https://www.thisismoney.co.uk/money/markets/article-8443153/STOCK-WATCH-Redknapp-help-Dowgate-eye-ball.html,thisismoney.co.uk,English,0.0,0.803,0.197,0.4019,CRST
20200621T231500Z,"Beijing setback , royal mail outcomes , flash pmis",https://newsoninvest.com/beijing-setback-royal-mail-outcomes-flash-pmis/,newsoninvest.com,English,0.0,1.0,0.0,0.0,CRST
20200623T090000Z,UK BROKER RATINGS SUMMARY : Berenberg Likes Direct Line And Hastings,https://www.lse.co.uk/news/uk-broker-ratings-summary-berenberg-likes-direct-line-and-hastings-qbrk6cqxp1tgusx.html,lse.co.uk,English,0.0,0.763,0.237,0.4215,CRST
20200623T094500Z,dpa - AFX Overview : Analyst recommendations on U . K . stocks,https://www.finanznachrichten.de/nachrichten-2020-06/49988993-dpa-afx-overview-analyst-recommendations-on-u-k-stocks-020.htm,finanznachrichten.de,English,0.0,1.0,0.0,0.0,CRST
20200623T150000Z,Crest Nicholson Holdings PLC 59 . 4 % Potential Upside Indicated by HSBC,https://www.directorstalkinterviews.com/crest-nicholson-holdings-plc-59-4-potential-upside-indicated-by-hsbc/412835508,directorstalkinterviews.com,English,0.0,1.0,0.0,0.0,CRST
20200623T161500Z,Broker Forecast - HSBC issues a broker note on Crest Nicholson Holdings Plc | 23 June 2020,https://www.stockmarketwire.com/article/6973270/Broker-Forecast-HSBC-issues-a-broker-note-on-Crest-Nicholson-Holdings-Plc.html,stockmarketwire.com,English,0.0,1.0,0.0,0.0,CRST
20200624T064500Z,Crest Nicholson reinstates guidance ; swings to loss in H1 | 24 June 2020,https://www.stockmarketwire.com/article/6974199/Crest-Nicholson-reinstates-guidance-swings-to-loss-in-H1.html,stockmarketwire.com,English,0.173,0.827,0.0,-0.3182,CRST
20200624T070000Z,Crest Nicholson forecasts steep fall in annual profit as pandemic hits,https://uk.reuters.com/article/uk-crest-hold-results/crest-nicholson-forecasts-steep-fall-in-annual-profit-as-pandemic-hits-idUKKBN23V0SQ,uk.reuters.com,English,0.0,0.775,0.225,0.4404,CRST
20200624T070000Z,LONDON MARKET EARLY CALL : Lower Call Amid Worry Over Virus Resurgence,https://www.lse.co.uk/news/london-market-early-call-lower-call-amid-worry-over-virus-resurgence-bavihgyquhqglkh.html,lse.co.uk,English,0.362,0.638,0.0,-0.6249,CRST
20200624T070000Z,Actors who were fired on set,https://news.yahoo.com/film-stars-fired-on-set-060213422.html,news.yahoo.com,English,0.419,0.581,0.0,-0.5574,CRST
20200624T074500Z,UK stocks open 0 . 8 % lower amid Covid - 19 resurgence fears | 24 June 2020,https://www.stockmarketwire.com/article/6974416/UK-stocks-open-0-point-8pct-lower-amid-Covid-19-resurgence-fears.html,stockmarketwire.com,English,0.333,0.667,0.0,-0.6124,CRST
20200624T074500Z,London stocks dip on second virus wave fears,https://uk.reuters.com/article/uk-britain-stocks/london-stocks-dip-on-second-virus-wave-fears-idUKKBN23V0XM,uk.reuters.com,English,0.286,0.714,0.0,-0.4215,CRST
20200624T083000Z,London stocks slide on second virus wave fears,https://uk.reuters.com/article/uk-britain-stocks/london-stocks-slide-on-second-virus-wave-fears-idUKKBN23V0XM,uk.reuters.com,English,0.286,0.714,0.0,-0.4215,CRST
20200624T083000Z,FTSE falls as US cases continue to spike – live updates,https://www.telegraph.co.uk/business/2020/06/24/markets-live-latest-coronavirus-news-pound-euro-ftse-100/,telegraph.co.uk,English,0.0,1.0,0.0,0.0,CRST
20200624T083000Z,TOP NEWS : Crest Nicholson Warns On Virus Uncertainty As Profit Drops,https://www.lse.co.uk/news/top-news-crest-nicholson-warns-on-virus-uncertainty-as-profit-drops-j2iuwrut2zhvq9w.html,lse.co.uk,English,0.234,0.431,0.335,0.3885,CRST
20200624T083000Z,LONDON MARKET OPEN : Virus Second Wave Fears Wash Away Animal Spirits,https://www.lse.co.uk/news/london-market-open-virus-second-wave-fears-wash-away-animal-spirits-ey2h6g39id7dkwb.html,lse.co.uk,English,0.219,0.781,0.0,-0.4215,CRST
20200624T084500Z,FTSE 100 falls as new coronavirus cases unsettle investors : CityAM,https://www.cityam.com/ftse-100-falls-as-new-coronavirus-cases-unsettle-investors/,cityam.com,English,0.0,1.0,0.0,0.0,CRST
20200624T084500Z,"Investegate | Company News | Corporate , London Stock Exchange , Regulatory News Headlines Crest Nicholson reinstates guidance ; swings to first - half loss",https://www.investegate.co.uk/News/crest-nicholson-reinstates-guidance--swings-to-first-half-loss/885661/,investegate.co.uk,English,0.113,0.887,0.0,-0.3182,CRST
20200624T090000Z,Crest Nicholson cutting jobs as it warns over annual profits,https://www.thecourier.co.uk/business/business-news/1396517/crest-nicholson-cutting-jobs-as-it-warns-over-annual-profits/,thecourier.co.uk,English,0.227,0.547,0.227,0.25,CRST
20200624T090000Z,London stocks dip on second virus wave fears,https://business.financialpost.com/pmn/business-pmn/london-stocks-dip-on-second-virus-wave-fears,business.financialpost.com,English,0.286,0.714,0.0,-0.4215,CRST
20200624T093000Z,Crest Nicholson cutting jobs as it warns over annual profits,https://www.independent.ie/world-news/crest-nicholson-cutting-jobs-as-it-warns-over-annual-profits-39311678.html,independent.ie,English,0.227,0.547,0.227,0.25,CRST
20200624T100000Z,Crest Nicholson cutting jobs as it warns over annual profits,https://www.pressandjournal.co.uk/business/uk-and-abroad/2284253/crest-nicholson-cutting-jobs-as-it-warns-over-annual-profits/,pressandjournal.co.uk,English,0.227,0.547,0.227,0.25,CRST
20200624T101500Z,Crest Nicholson cutting jobs as it warns over annual profits,https://www.eveningexpress.co.uk/news/business/crest-nicholson-cutting-jobs-as-it-warns-over-annual-profits/,eveningexpress.co.uk,English,0.227,0.547,0.227,0.25,CRST
20200624T101500Z,Crest Nicholson cuts 130 jobs as it suffers £51m loss : CityAM,https://www.cityam.com/crest-nicholson-cuts-130-jobs-as-it-suffers-51m-loss-in-first-half-of-the-year/,cityam.com,English,0.487,0.513,0.0,-0.765,CRST
20200624T110000Z,Crest Nicholson axing 130 jobs as it slumps into red,https://www.building.co.uk/news/crest-nicholson-axing-130-jobs-as-it-slumps-into-red/5106647.article,building.co.uk,English,0.0,1.0,0.0,0.0,CRST
20200624T110000Z,Crest Nicholson reinstates guidance ; swings to first - half loss | 24 June 2020,https://www.stockmarketwire.com/article/6974199/Crest-Nicholson-reinstates-guidance-swings-to-first-half-loss.html,stockmarketwire.com,English,0.173,0.827,0.0,-0.3182,CRST
20200624T113000Z,BP News Headlines . BP . Share News . Financial News Articles for Bp Plc $0 . 25 updated throughout the day . ,https://www.lse.co.uk/news/BP./london-market-midday-new-coronavirus-outbreaks-prompt-selling-75ajs3v4yu16sk2.html,lse.co.uk,English,0.0,0.885,0.115,0.296,CRST
20200624T121500Z,Crest Nicholson cuts 130 jobs as downturn causes £51m loss,https://www.constructionnews.co.uk/financial/crest-nicholson-cuts-130-jobs-as-downturn-causes-51m-loss-24-06-2020/,constructionnews.co.uk,English,0.36,0.64,0.0,-0.5423,CRST
20200624T124500Z,London stocks slide on second virus wave fears | Money,https://www.malaymail.com/news/money/2020/06/24/london-stocks-slide-on-second-virus-wave-fears/1878471,malaymail.com,English,0.259,0.741,0.0,-0.4215,CRST
20200624T144500Z,FTSE plunges on second wave fears and US tariff plan | 24 June 2020,https://www.stockmarketwire.com/article/6974840/FTSE-plunges-on-second-wave-fears-and-US-tariff-plan.html,stockmarketwire.com,English,0.189,0.811,0.0,-0.4215,CRST
20200624T144500Z,Crest Nicholson announces job cuts after it plummets to £44m half - year loss,https://www.thisismoney.co.uk/money/markets/article-8454595/Crest-Nicholson-announces-job-cuts-plummets-44m-half-year-loss.html,thisismoney.co.uk,English,0.29,0.71,0.0,-0.5423,CRST
20200624T164500Z,Difficult first half for Crest Nicholson,https://www.standard.co.uk/business/difficult-first-half-for-crest-nicholson-a4478881.html,standard.co.uk,English,0.333,0.667,0.0,-0.3612,CRST
20200624T164500Z,Crest Nicholson impairs stock as price outlook worsens,https://www.investorschronicle.co.uk/shares/2020/06/24/crest-nicholson-impairs-stock-as-price-outlook-worsens/,investorschronicle.co.uk,English,0.307,0.693,0.0,-0.4767,CRST
20200624T164500Z,FTSE dives 3 % on  disturbing surge  in US coronavirus cases,https://citywire.co.uk/wealth-manager/news/ftse-dives-3-on-disturbing-surge-in-us-coronavirus-cases/a1372193,citywire.co.uk,English,0.292,0.708,0.0,-0.5106,CRST
20200624T171500Z,"London stocks sink on grim global growth forecast , fears of second virus wave",https://uk.reuters.com/article/uk-britain-stocks/london-stocks-sink-on-grim-global-growth-forecast-fears-of-second-virus-wave-idUKKBN23V0XM,uk.reuters.com,English,0.34,0.524,0.136,-0.5994,CRST
20200624T173000Z,Markets nervous over second wave fears and US - EU trade talks showdown,https://www.eveningexpress.co.uk/news/business/markets-nervous-over-second-wave-fears-and-us-eu-trade-talks-showdown/,eveningexpress.co.uk,English,0.329,0.671,0.0,-0.5994,CRST
20200624T180000Z,Markets nervous over second wave fears and US - EU trade talks showdown,https://www.independent.ie/world-news/markets-nervous-over-second-wave-fears-and-us-eu-trade-talks-showdown-39313131.html,independent.ie,English,0.329,0.671,0.0,-0.5994,CRST
20200624T180000Z,Markets nervous over second wave fears and US - EU trade talks showdown,https://www.thecourier.co.uk/business/business-news/1398566/markets-nervous-over-second-wave-fears-and-us-eu-trade-talks-showdown/,thecourier.co.uk,English,0.329,0.671,0.0,-0.5994,CRST
20200624T181500Z,Markets nervous over second wave fears and US - EU trade talks showdown,https://www.eveningtelegraph.co.uk/2020/06/24/markets-nervous-over-second-wave-fears-and-us-eu-trade-talks-showdown/,eveningtelegraph.co.uk,English,0.329,0.671,0.0,-0.5994,CRST
20200624T181500Z,Markets nervous over second wave fears and US - EU trade talks showdown,https://www.pressandjournal.co.uk/business/uk-and-abroad/2286356/markets-nervous-over-second-wave-fears-and-us-eu-trade-talks-showdown/,pressandjournal.co.uk,English,0.329,0.671,0.0,-0.5994,CRST
20200624T183000Z,FTSE plunges after stark IMF warning | 24 June 2020,https://www.stockmarketwire.com/article/6975275/FTSE-plunges-after-stark-IMF-warning.html,stockmarketwire.com,English,0.231,0.769,0.0,-0.34,CRST
20200624T193000Z,Markets nervous over second wave fears and US - EU trade talks showdown,https://www.heraldscotland.com/business_hq/18539646.markets-nervous-second-wave-fears-us-eu-trade-talks-showdown/,heraldscotland.com,English,0.329,0.671,0.0,-0.5994,CRST
20200624T194500Z,Markets nervous over second wave fears and US - EU trade talks showdown,https://www.aol.co.uk/news/2020/06/24/markets-nervous-over-second-wave-fears-and-us-eu-trade-talks-sho/,aol.co.uk,English,0.329,0.671,0.0,-0.5994,CRST
20200624T233000Z,Crest Nicholson to shed 130 jobs after £51m loss,https://www.thetimes.co.uk/edition/business/crest-nicholson-to-shed-130-jobs-after-51m-loss-7q7fc5s0j,thetimes.co.uk,English,0.223,0.777,0.0,-0.3182,CRST
20200625T090000Z,UK BROKER RATINGS SUMMARY : RBC Likes Centamin But Cuts Hochschild,https://www.lse.co.uk/news/uk-broker-ratings-summary-rbc-likes-centamin-but-cuts-hochschild-zxkpy392wbquisa.html,lse.co.uk,English,0.22,0.63,0.15,-0.2263,CRST
20200625T094500Z,dpa - AFX Overview : Analyst recommendations on U . K . stocks,https://www.finanznachrichten.de/nachrichten-2020-06/50011806-dpa-afx-overview-analyst-recommendations-on-u-k-stocks-020.htm,finanznachrichten.de,English,0.0,1.0,0.0,0.0,CRST
20200625T100000Z,G & T axing nearly 70 staff as industry job cuts woe deepens | News,https://www.building.co.uk/news/gandt-axing-nearly-70-staff-as-industrys-job-cuts-woe-deepens/5106652.article,building.co.uk,English,0.357,0.643,0.0,-0.6124,CRST
20200625T161500Z,Broker Forecast - Credit Suisse issues a broker note on Crest Nicholson Holdings Plc | 25 June 2020,https://www.stockmarketwire.com/article/6977324/Broker-Forecast-Credit-Suisse-issues-a-broker-note-on-Crest-Nicholson-Holdings-Plc.html,stockmarketwire.com,English,0.0,0.843,0.157,0.3818,CRST
20200626T100000Z,dpa - AFX Overview : Analyst recommendations on U . K . stocks,https://www.finanznachrichten.de/nachrichten-2020-06/50023374-dpa-afx-overview-analyst-recommendations-on-u-k-stocks-020.htm,finanznachrichten.de,English,0.0,1.0,0.0,0.0,CRST
20200626T100000Z,Investegate |Crest Nicholson Hdgs Announcements | Crest Nicholson Hdgs : Director / PDMR Shareholding,https://www.investegate.co.uk/crest-nicholson-hdgs--crst-/rns/director-pdmr-shareholding/202006261018202286R/,investegate.co.uk,English,0.0,1.0,0.0,0.0,CRST
20200626T100000Z,Investegate |Crest Nicholson Hdgs Announcements | Crest Nicholson Hdgs : Director / PDMR Shareholding,https://www.investegate.co.uk/crest-nicholson-hdgs--crst-/rns/director-pdmr-shareholding/202006261015122282R/,investegate.co.uk,English,0.0,1.0,0.0,0.0,CRST
20200626T110000Z,Investegate |Crest Nicholson Hdgs Announcements | Crest Nicholson Hdgs : Director / PDMR Shareholding,https://www.investegate.co.uk/crest-nicholson-hdgs--crst-/rns/director-pdmr-shareholding/202006261134162457R/,investegate.co.uk,English,0.0,1.0,0.0,0.0,CRST
20200626T110000Z,Investegate |Crest Nicholson Hdgs Announcements | Crest Nicholson Hdgs : Director / PDMR Shareholding,https://www.investegate.co.uk/crest-nicholson-hdgs--crst-/rns/director-pdmr-shareholding/202006261134522459R/,investegate.co.uk,English,0.0,1.0,0.0,0.0,CRST
20200626T113000Z,Investegate |Crest Nicholson Hdgs Announcements | Crest Nicholson Hdgs : Director / PDMR Shareholding,https://www.investegate.co.uk/crest-nicholson-hdgs--crst-/rns/director-pdmr-shareholding/202006261148102489R/,investegate.co.uk,English,0.0,1.0,0.0,0.0,CRST
20200626T151500Z,Broker Forecast - Jefferies International issues a broker note on Crest Nicholson Holdings Plc | 26 June 2020,https://www.stockmarketwire.com/article/6978917/Broker-Forecast-Jefferies-International-issues-a-broker-note-on-Crest-Nicholson-Holdings-Plc.html,stockmarketwire.com,English,0.0,1.0,0.0,0.0,CRST
20200626T181500Z,Obituary : Tony Pidgley –  the best teacher in the busines | Online,https://www.propertyweek.com/news/obituary-tony-pidgley-the-best-teacher-in-the-business/5108742.article,propertyweek.com,English,0.0,0.682,0.318,0.6369,CRST
20200627T090000Z,Forget buy - to - let property investing ! Id buy FTSE housebuilders instead,https://www.fool.co.uk/investing/2020/06/27/forget-buy-to-let-property-investing-id-buy-ftse-housebuilders-instead/,fool.co.uk,English,0.18,0.82,0.0,-0.2942,CRST
20200627T114500Z,"Tony Pidgley , self - made co - founder of FTSE 100 homebuilder Berkeley , dies at 72",https://www.cityam.com/tony-pidgley-self-made-co-founder-of-ftse-100-homebuilder-berkeley-dies-at-72/,cityam.com,English,0.0,1.0,0.0,0.0,CRST
20200629T063000Z,Investegate |Genus Announcements | Genus : Directorate Appointment,https://www.investegate.co.uk/genus--gns-/rns/directorate-appointment/202006290700092951R/,investegate.co.uk,English,0.0,1.0,0.0,0.0,CRST
20200629T073000Z,Directorate Appointment | Genus ( GNS ) | RNS Company Announcements | Equities,https://www2.trustnet.com/Investments/Article.aspx?id=202006290700092951R,trustnet.com,English,0.0,1.0,0.0,0.0,CRST
20200629T074500Z,Balfour Beatty News Headlines . BBY Share News . Financial News Articles for Balfour Beatty Plc Ord 50P updated throughout the day . ,https://www.lse.co.uk/news/BBY/london-briefing-rio-tinto-makes-progress-on-mongolian-mine-pfviisz8icj4ajl.html,lse.co.uk,English,0.0,0.896,0.104,0.296,CRST
20200629T084500Z,FTSE ekes out modest gains as Covid - 19 caseload keeps climbing | 29 June 2020,https://www.stockmarketwire.com/article/6980258/FTSE-ekes-out-modest-gains-as-Covid-19-caseload-keeps-climbing.html,stockmarketwire.com,English,0.0,0.844,0.156,0.34,CRST
20200629T090000Z,Genus appoints former Tate & Lyle CEO Iain Ferguson as chairman | 29 June 2020,https://www.stockmarketwire.com/article/6980127/Genus-appoints-former-Tate-Lyle-CEO-Iain-Ferguson-as-chairman.html,stockmarketwire.com,English,0.0,1.0,0.0,0.0,CRST
20200629T130000Z,FTSE 100 gains momentum but investors still torn by events | 29 June 2020,https://www.stockmarketwire.com/article/6980886/FTSE-100-gains-momentum-but-investors-still-torn-by-events.html,stockmarketwire.com,English,0.164,0.724,0.112,-0.2023,CRST
20200629T143000Z,Modular housebuilder the next to begin cutting jobs as covid puts brakes on orders,https://www.building.co.uk/news/modular-housebuilder-the-next-to-begin-cutting-jobs-as-covid-puts-brakes-on-orders/5106720.article,building.co.uk,English,0.103,0.897,0.0,-0.128,CRST
20200629T174500Z,Are Liverpool really triple champions ? And more mails ... ,https://www.football365.com/news/mailbox-are-liverpool-really-triple-champions,football365.com,English,0.0,0.685,0.315,0.5688,CRST
20200629T180000Z,Stock market crash bargain alert ! Id buy these dirt - cheap FTSE 100 shares ahead of the recovery,https://www.fool.co.uk/investing/2020/06/29/stock-market-crash-bargain-alert-id-buy-these-dirt-cheap-ftse-100-shares-ahead-of-the-recovery/,fool.co.uk,English,0.216,0.509,0.275,0.1007,CRST
20200629T183000Z,Late afternoon surge sees FTSE 100 close firmly in positive territory | 29 June 2020,https://www.stockmarketwire.com/article/6981537/Late-afternoon-surge-sees-FTSE-100-close-firmly-in-positive-territory.html,stockmarketwire.com,English,0.0,0.783,0.217,0.5574,CRST
20200629T213000Z,Rural crafts preserve living history in the Smokies and Blue Ridge,https://mcdowellnews.com/news/local/rural-crafts-preserve-living-history-in-the-smokies-and-blue-ridge/article_eaec5fe2-2b7b-547f-afbe-68ecbce83593.html,mcdowellnews.com,English,0.0,1.0,0.0,0.0,CRST
20200630T034500Z,"Tony Pidgley , house - builder and former Barnardo boy who went on to lead Berkeley Group – obituary",https://www.telegraph.co.uk/obituaries/2020/06/29/tony-pidgley-house-builderand-former-barnardos-boy-went-lead/,telegraph.co.uk,English,0.0,1.0,0.0,0.0,CRST
20200701T073000Z,Top British stocks for July 2020,https://www.fool.co.uk/investing/2020/07/01/top-british-stocks-for-june-2020-2/,fool.co.uk,English,0.0,0.735,0.265,0.2023,CRST
20200701T161500Z,Top British stocks for July 2020,https://www.fool.co.uk/investing/2020/07/01/top-british-stocks-for-june-2020-2/?source=uhpsithla0000002&lidx=3,fool.co.uk,English,0.0,0.735,0.265,0.2023,CRST
20200701T073000Z,Top British stocks for July 2020,https://www.fool.co.uk/investing/2020/07/01/top-british-stocks-for-june-2020-2/,fool.co.uk,English,0.0,0.735,0.265,0.2023,CRST
20200701T161500Z,Top British stocks for July 2020,https://www.fool.co.uk/investing/2020/07/01/top-british-stocks-for-june-2020-2/?source=uhpsithla0000002&lidx=3,fool.co.uk,English,0.0,0.735,0.265,0.2023,CRST
20200702T120000Z,Revealed : 8 possible sites for new homes,https://www.henleystandard.co.uk/news/henley-on-thames/153111/revealed-8-possible-sites-for-new-homes.html,henleystandard.co.uk,English,0.0,1.0,0.0,0.0,CRST
20200703T094500Z,dpa - AFX Overview : Analyst recommendations on U . K . stocks,https://www.finanznachrichten.de/nachrichten-2020-07/50085129-dpa-afx-overview-analyst-recommendations-on-u-k-stocks-020.htm,finanznachrichten.de,English,0.0,1.0,0.0,0.0,CRST
20200703T100000Z,Investegate |Crest Nicholson Hdgs Announcements | Crest Nicholson Hdgs : Director / PDMR Shareholding,https://www.investegate.co.uk/crest-nicholson-hdgs--crst-/rns/director-pdmr-shareholding/202007031036579939R/,investegate.co.uk,English,0.0,1.0,0.0,0.0,CRST
20200703T123000Z,Investegate |Crest Nicholson Hdgs Announcements | Crest Nicholson Hdgs : Director / PDMR Shareholding,https://www.investegate.co.uk/crest-nicholson-hdgs--crst-/rns/director-pdmr-shareholding/202007031303550224S/,investegate.co.uk,English,0.0,1.0,0.0,0.0,CRST
20200704T114500Z,Crest Nicholson News Headlines . CRST Share News . Financial News Articles for Crest Nicholson Holdings Plc Ord 5P updated throughout the day . ,https://www.lse.co.uk/news/CRST/uk-director-dealings-summary-crest-nicholson-executives-buy-shares-u9zrw5lgqdy3ci3.html,lse.co.uk,English,0.0,0.901,0.099,0.296,CRST
20200706T103000Z,Recovery hopes continue to aid risk - on appetite,https://www.fxstreet.com/analysis/recovery-hopes-continue-to-aid-risk-on-appetite-202007060957,fxstreet.com,English,0.193,0.55,0.257,0.1779,CRST
20200706T121500Z,£2k to invest after the stock market crash ? Id buy these 2 FTSE bargains before the recovery,https://www.fool.co.uk/investing/2020/07/06/2k-to-invest-after-the-stock-market-crash-id-buy-these-2-ftse-bargains-before-the-recovery/,fool.co.uk,English,0.153,0.847,0.0,-0.4019,CRST
20200706T154500Z,Investegate |Crest Nicholson Hdgs Announcements | Crest Nicholson Hdgs : Director / PDMR Shareholding,https://www.investegate.co.uk/crest-nicholson-hdgs--crst-/rns/director-pdmr-shareholding/202007061454381618S/,investegate.co.uk,English,0.0,1.0,0.0,0.0,CRST
20200706T154500Z,Investegate |Chelverton united kingdom Dividend Trust p Announcements | Chelverton united kingdom Dividend Trust p : Annual Report and Accounts for the year to 31 April 2020,https://www.investegate.co.uk/chelverton-uk-dividend-trust-p--sdvp-/eqs/annual-report-and-accounts-for-the-year-to-31-april-2020/20200706161811EVDAA/,investegate.co.uk,English,0.0,0.609,0.391,0.9042,CRST
20200706T161500Z,Chelverton united kingdom Dividend Trust plc : Annual Report - 20 - ,https://www.finanznachrichten.de/nachrichten-2020-07/50101323-chelverton-uk-dividend-trust-plc-annual-report-20-015.htm,finanznachrichten.de,English,0.0,0.534,0.466,0.7269,CRST
20200706T161500Z,Chelverton united kingdom Dividend Trust plc : Annual Report - 21 - ,https://www.finanznachrichten.de/nachrichten-2020-07/50101324-chelverton-uk-dividend-trust-plc-annual-report-21-015.htm,finanznachrichten.de,English,0.0,0.534,0.466,0.7269,CRST
20200706T161500Z,Chelverton united kingdom Dividend Trust plc : Annual Report - 22 - ,https://www.finanznachrichten.de/nachrichten-2020-07/50101325-chelverton-uk-dividend-trust-plc-annual-report-22-015.htm,finanznachrichten.de,English,0.0,0.534,0.466,0.7269,CRST
20200707T073000Z,Cheap shares : I think these FTSE 350 shares have huge recovery potential,https://www.fool.co.uk/investing/2020/07/07/cheap-shares-i-think-these-ftse-350-shares-have-huge-recovery-potential/,fool.co.uk,English,0.0,0.544,0.456,0.6908,CRST
20200707T073000Z,Cheap shares : I think these FTSE 350 shares have huge recovery potential,https://uk.finance.yahoo.com/news/cheap-shares-think-ftse-350-062547810.html,uk.finance.yahoo.com,English,0.0,0.544,0.456,0.6908,CRST
20200707T094500Z,dpa - AFX Overview : Analyst recommendations on U . K . stocks,https://www.finanznachrichten.de/nachrichten-2020-07/50107935-dpa-afx-overview-analyst-recommendations-on-u-k-stocks-020.htm,finanznachrichten.de,English,0.0,1.0,0.0,0.0,CRST
20200707T121500Z,Crest Nicholson Holdings PLC 1 % Potential Upside Indicated by UBS,https://www.directorstalkinterviews.com/crest-nicholson-holdings-plc-1-potential-upside-indicated-by-ubs/412839620,directorstalkinterviews.com,English,0.0,1.0,0.0,0.0,CRST
20200709T091500Z,College to revive plan for new housing,https://www.henleystandard.co.uk/news/home/153301/college-to-revive-plan-for-new-housing.html,henleystandard.co.uk,English,0.0,0.714,0.286,0.34,CRST
20200709T154500Z,"150 , 000 jobs lost or threatened : Which united kingdom employers are facing the biggest cuts ? ",https://www.chorleycitizen.co.uk/news/national/18572774.150-000-jobs-lost-threatened-uk-employers-facing-biggest-cuts/,chorleycitizen.co.uk,English,0.352,0.516,0.131,-0.5719,CRST
20200709T154500Z,"150 , 000 jobs lost : Which of the united kingdom employers face the biggest staffing cuts ? ",https://www.romseyadvertiser.co.uk/news/national/18572774.150-000-jobs-lost-uks-employers-face-biggest-staffing-cuts/,romseyadvertiser.co.uk,English,0.233,0.622,0.145,-0.1779,CRST
20200709T154500Z,"150 , 000 jobs lost or threatened : Which united kingdom employers are facing the biggest cuts ? ",https://www.chesterstandard.co.uk/news/national-news/18572774.150-000-jobs-lost-threatened-uk-employers-facing-biggest-cuts/,chesterstandard.co.uk,English,0.352,0.516,0.131,-0.5719,CRST
20200709T154500Z,"150 , 000 jobs lost : Which of the united kingdom employers face the biggest staffing cuts ? ",https://www.worcesternews.co.uk/news/national/18572774.150-000-jobs-lost-uks-employers-face-biggest-staffing-cuts/,worcesternews.co.uk,English,0.233,0.622,0.145,-0.1779,CRST
20200709T154500Z,"150 , 000 jobs lost : Which of the united kingdom employers face the biggest staffing cuts ? ",https://www.tewkesburyadmag.co.uk/news/national/18572774.150-000-jobs-lost-uks-employers-face-biggest-staffing-cuts/,tewkesburyadmag.co.uk,English,0.233,0.622,0.145,-0.1779,CRST
20200709T154500Z,"150 , 000 jobs lost or threatened : Which united kingdom employers are facing the biggest cuts ? ",https://www.thisislancashire.co.uk/news/national/18572774.150-000-jobs-lost-uks-employers-face-biggest-staffing-cuts/,thisislancashire.co.uk,English,0.352,0.516,0.131,-0.5719,CRST
20200709T154500Z,"150 , 000 jobs lost : Which of the united kingdom employers face the biggest staffing cuts ? ",https://www.brentwoodlive.co.uk/news/national/18572774.150-000-jobs-lost-uks-employers-face-biggest-staffing-cuts/,brentwoodlive.co.uk,English,0.233,0.622,0.145,-0.1779,CRST
20200709T154500Z,"150 , 000 jobs lost or threatened : Which united kingdom employers are facing the biggest cuts ? ",https://www.countypress.co.uk/news/national/18572774.150-000-jobs-lost-threatened-uk-employers-facing-biggest-cuts/,countypress.co.uk,English,0.352,0.516,0.131,-0.5719,CRST
20200709T154500Z,"150 , 000 jobs lost : Which of the united kingdom employers face the biggest staffing cuts ? ",https://www.redditchadvertiser.co.uk/news/national/18572774.150-000-jobs-lost-uks-employers-face-biggest-staffing-cuts/,redditchadvertiser.co.uk,English,0.233,0.622,0.145,-0.1779,CRST
20200709T154500Z,"150 , 000 jobs lost or threatened : Which united kingdom employers are facing the biggest cuts ? ",https://www.wimbledonguardian.co.uk/news/national/18572774.150-000-jobs-lost-threatened-uk-employers-facing-biggest-cuts/,wimbledonguardian.co.uk,English,0.352,0.516,0.131,-0.5719,CRST
20200709T154500Z,"150 , 000 jobs lost or threatened : Which united kingdom employers are facing the biggest cuts ? ",https://www.harwichandmanningtreestandard.co.uk/news/national/18572774.150-000-jobs-lost-threatened-uk-employers-facing-biggest-cuts/,harwichandmanningtreestandard.co.uk,English,0.352,0.516,0.131,-0.5719,CRST
20200709T154500Z,"150 , 000 jobs lost or threatened : Which united kingdom employers are facing the biggest cuts ? ",https://www.southwalesargus.co.uk/news/national/18572774.150-000-jobs-lost-threatened-uk-employers-facing-biggest-cuts/,southwalesargus.co.uk,English,0.352,0.516,0.131,-0.5719,CRST
20200709T154500Z,"150 , 000 jobs lost or threatened : Which united kingdom employers are facing the biggest cuts ? ",https://www.surreycomet.co.uk/news/national/18572774.150-000-jobs-lost-threatened-uk-employers-facing-biggest-cuts/,surreycomet.co.uk,English,0.352,0.516,0.131,-0.5719,CRST
20200709T160000Z,"150 , 000 jobs lost or threatened : Which united kingdom employers are facing the biggest cuts ? ",https://www.pressandjournal.co.uk/business/uk-and-abroad/2324072/150000-jobs-lost-which-of-the-uks-employers-face-the-biggest-staffing-cuts/,pressandjournal.co.uk,English,0.352,0.516,0.131,-0.5719,CRST
20200709T161500Z,"150 , 000 jobs lost or threatened : Which united kingdom employers are facing the biggest cuts ? ",https://www.thecourier.co.uk/business/business-news/1434029/150000-jobs-lost-which-of-the-uks-employers-face-the-biggest-staffing-cuts/,thecourier.co.uk,English,0.352,0.516,0.131,-0.5719,CRST
20200709T161500Z,"150 , 000 jobs lost or threatened : Which united kingdom employers are facing the biggest cuts ? ",https://guernseypress.com/news/uk-news/2020/07/09/150000-jobs-lost-which-of-the-uks-employers-face-the-biggest-staffing-cuts/,guernseypress.com,English,0.352,0.516,0.131,-0.5719,CRST
20200709T163000Z,"150 , 000 jobs lost or threatened : Which united kingdom employers are facing the biggest cuts ? ",https://www.dailyecho.co.uk/news/national/18572774.150-000-jobs-lost-threatened-uk-employers-facing-biggest-cuts/,dailyecho.co.uk,English,0.352,0.516,0.131,-0.5719,CRST
20200709T163000Z,"The huge companies cutting 150 , 000 jobs after lockdown",https://www.birminghammail.co.uk/news/midlands-news/huge-companies-cutting-150000-jobs-18571525,birminghammail.co.uk,English,0.139,0.648,0.213,0.2023,CRST
20200709T164500Z,The Persimmon share price is a top FTSE 100 bargain and Id buy it today,https://www.fool.co.uk/investing/2020/07/09/the-persimmon-share-price-is-a-top-ftse-100-bargain-and-id-buy-it-today/,fool.co.uk,English,0.0,0.655,0.345,0.5859,CRST
20200709T164500Z,"150 , 000 jobs lost or threatened : Which united kingdom employers are facing the biggest cuts ? ",https://www.aol.co.uk/news/2020/07/09/150-000-jobs-lost-or-threatened-which-uk-employers-are-facing-t/,aol.co.uk,English,0.352,0.516,0.131,-0.5719,CRST
20200709T170000Z,"150 , 000 jobs lost or threatened : Which united kingdom employers are facing the biggest cuts ? ",https://www.eveningexpress.co.uk/news/uk/150000-jobs-lost-which-of-the-uks-employers-face-the-biggest-staffing-cuts/,eveningexpress.co.uk,English,0.352,0.516,0.131,-0.5719,CRST
20200709T191500Z,"150 , 000 jobs lost or threatened : Which united kingdom employers are facing the biggest cuts ? ",https://www.wandsworthguardian.co.uk/news/national/18572774.150-000-jobs-lost-threatened-uk-employers-facing-biggest-cuts/,wandsworthguardian.co.uk,English,0.352,0.516,0.131,-0.5719,CRST
20200710T200000Z,"At least 150 , 000 jobs lost or threatened at Britain biggest companies",https://www.thisismoney.co.uk/money/article-8506987/150-000-jobs-lost-Which-UK-s-employers-face-biggest-staffing-cuts.html,thisismoney.co.uk,English,0.346,0.654,0.0,-0.6486,CRST
20200711T043000Z,"Fantasy Fund Manager : the most bought stocks as 11 , 000 people sign up in the first week",https://www.telegraph.co.uk/investing/shares/fantasy-fund-manager-bought-stocks-11000-people-sign-first-week/,telegraph.co.uk,English,0.0,1.0,0.0,0.0,CRST
20200712T090000Z,"Stamp duty holiday : Why Id buy FTSE housebuilders , real estate agents , and REITs",https://www.fool.co.uk/investing/2020/07/12/stamp-duty-holiday-why-id-buy-ftse-housebuilders-real-estate-agents-and-reits/,fool.co.uk,English,0.0,0.816,0.184,0.4019,CRST
20200712T091500Z,"Stamp duty holiday : Why Id buy FTSE housebuilders , real estate agents , and REITs",https://www.msn.com/en-us/finance/savingandinvesting/stamp-duty-holiday-why-i-e2-80-99d-buy-ftse-housebuilders-real-estate-agents-and-reits/ar-BB16DrDK,msn.com,English,0.0,0.816,0.184,0.4019,CRST
20200713T114500Z,"At least 150 , 000 jobs have at risk at more than 60 major British employers",https://www.thelancasterandmorecambecitizen.co.uk/news/18578821.least-150-000-jobs-risk-60-major-british-employers/,thelancasterandmorecambecitizen.co.uk,English,0.13,0.87,0.0,-0.2732,CRST
20200713T130000Z,Place North West | BECG acquires Cavendish to grow advocacy offer,https://www.placenorthwest.co.uk/news/becg-acquires-cavendish-to-grow-advocacy-offer/,placenorthwest.co.uk,English,0.0,1.0,0.0,0.0,CRST
20200713T133000Z,"At least 150 , 000 jobs have at risk at more than 60 major British employers",https://www.lancashiretelegraph.co.uk/news/18578821.least-150-000-jobs-risk-60-major-british-employers/,lancashiretelegraph.co.uk,English,0.13,0.87,0.0,-0.2732,CRST
20200714T181500Z,Investegate |Independent Inv Tst Announcements | Independent Inv Tst : Half - year Report,https://www.investegate.co.uk/independent-inv-tst--iit-/rns/half-year-report/202007141700269994S/,investegate.co.uk,English,0.0,1.0,0.0,0.0,CRST
20200716T081500Z,Veretec in legal battle over faulty cladding,https://www.architectsjournal.co.uk/news/veretec-in-legal-battle-over-faulty-cladding/10047454.article?blocktitle=news&contentID=19633,architectsjournal.co.uk,English,0.471,0.385,0.144,-0.5267,CRST
20200716T124500Z,Veretec in legal battle over faulty cladding,https://www.architectsjournal.co.uk/news/veretec-in-legal-battle-over-faulty-cladding/10047454.article?blocktitle=news-feature&contentID=19634,architectsjournal.co.uk,English,0.471,0.385,0.144,-0.5267,CRST
20200716T124500Z,Veretec in legal battle over faulty cladding,https://www.architectsjournal.co.uk/news/veretec-in-legal-battle-over-faulty-cladding/10047454.article,architectsjournal.co.uk,English,0.471,0.385,0.144,-0.5267,CRST
20200717T071500Z,Veretec in legal battle over faulty cladding,https://www.architectsjournal.co.uk/news/veretec-in-legal-battle-over-faulty-cladding/10047454.article?blocktitle=news-feature&contentID=19635,architectsjournal.co.uk,English,0.471,0.385,0.144,-0.5267,CRST
20200717T120000Z,Veretec in legal battle over faulty cladding,https://www.architectsjournal.co.uk/news/veretec-in-legal-battle-over-faulty-cladding/10047454.article?blocktitle=News&contentID=13628,architectsjournal.co.uk,English,0.471,0.385,0.144,-0.5267,CRST
20200718T213000Z,Rishi Sunak menu for recovery can serve up appetising returns,https://www.thisismoney.co.uk/money/investing/article-8536575/Rishi-Sunaks-menu-recovery-serve-appetising-returns.html,thisismoney.co.uk,English,0.0,1.0,0.0,0.0,CRST
20200718T221500Z,Rishi Sunak menu for recovery can serve up appetising returns,https://www.dailymail.co.uk/money/investing/article-8536575/Rishi-Sunaks-menu-recovery-serve-appetising-returns.html,dailymail.co.uk,English,0.0,1.0,0.0,0.0,CRST
20200720T073000Z,Veretec in legal battle over faulty cladding,https://www.architectsjournal.co.uk/news/veretec-in-legal-battle-over-faulty-cladding/10047454.article?blocktitle=News&contentID=19637,architectsjournal.co.uk,English,0.471,0.385,0.144,-0.5267,CRST
20200722T111500Z,Housebuilders struggle to ramp up construction as storm clouds gather,https://www.telegraph.co.uk/business/2020/07/22/housebuilders-struggle-ramp-construction-storm-clouds-gather/,telegraph.co.uk,English,0.204,0.796,0.0,-0.3182,CRST
20200723T021500Z,"Construction job cuts reach 7 , 000 as coronavirus impact hits sector",https://www.newcivilengineer.com/latest/construction-job-cuts-reach-7000-as-coronavirus-impact-hits-sector-23-07-2020/,newcivilengineer.com,English,0.195,0.708,0.097,-0.2732,CRST
20200723T151500Z,Bellway starts redundancy talks with 175 staff,https://www.building.co.uk/news/bellway-starts-redundancy-talks-with-175-staff/5107172.article,building.co.uk,English,0.0,1.0,0.0,0.0,CRST
20200724T121500Z,Tony Pidgley : the Master Builder leaves the stage,https://moneyweek.com/economy/people/601695/tony-pidgley-the-master-builder-leaves-the-stage,moneyweek.com,English,0.0,1.0,0.0,0.0,CRST
20200727T020000Z,Rising Stars in the East Invest in LiuGong Excavators . ,https://hub-4.com/news/rising-stars-in-the-east-invest-in-liugong-excavators,hub-4.com,English,0.0,1.0,0.0,0.0,CRST
20200729T181500Z,Investegate |Value & Inc Tst Plc Announcements | Value & Inc Tst Plc : Annual Financial Report,https://www.investegate.co.uk/value---38--inc-tst-plc--vin-/rns/annual-financial-report/202007291826465316U/,investegate.co.uk,English,0.0,0.833,0.167,0.34,CRST
20200730T064500Z,"Father found dead on Southampton shoreline , inquest hears",https://www.dailyecho.co.uk/news/18616527.father-found-dead-southampton-shoreline-inquest-hears/,dailyecho.co.uk,English,0.381,0.619,0.0,-0.6486,CRST
20200731T131500Z,The Number Ones : Lionel Richie  All Night Long ( All Night ) ,https://www.stereogum.com/2093185/the-number-ones-lionel-richies-all-night-long-all-night/franchises/columns/the-number-ones/,stereogum.com,English,0.0,0.874,0.126,0.0772,CRST
20201102T083000Z,Ryanair boss calls lockdown a  cover - up for Boris Johnson political mismanagement  amid £178m loss,https://www.dailymail.co.uk/news/article-8904407/Ryanair-records-197-million-euro-loss-expects-higher-deficits.html,dailymail.co.uk,English,0.15,0.85,0.0,-0.3182,CRST
20201103T080000Z,"Crest Nicholson to resume dividend , lifts profit expectations on  good  H2 sales | 3 November 2020",https://www.stockmarketwire.com/article/7146257/Crest-Nicholson-to-resume-dividend-lifts-profit-expectations-on-good-H2-sales.html,stockmarketwire.com,English,0.0,0.674,0.326,0.7003,CRST
20201103T083000Z,"Homebuilder Crest Nicholson lifts profit view , brings back dividend on strong recovery",https://uk.reuters.com/article/uk-crest-nicholson-outlook/homebuilder-crest-nicholson-lifts-profit-view-brings-back-dividend-on-strong-recovery-idUKKBN27J0NK,uk.reuters.com,English,0.0,0.617,0.383,0.7351,CRST
20201103T090000Z,Crest ups profit outlook but sees  fresh challenge of new lockdown,https://www.aol.co.uk/news/2020/11/03/crest-ups-profit-outlook-but-sees-a-fresh-challengesa-of-new/,aol.co.uk,English,0.0,0.557,0.443,0.6542,CRST
20201103T090000Z,Crest ups profit outlook but sees  fresh challenge of new lockdown,https://www.eveningexpress.co.uk/news/business/crest-ups-profit-outlook-but-sees-fresh-challenges-of-new-lockdown/,eveningexpress.co.uk,English,0.0,0.557,0.443,0.6542,CRST
20201103T090000Z,Crest ups profit outlook but sees  fresh challenge of new lockdown,https://www.independent.ie/world-news/crest-ups-profit-outlook-but-sees-fresh-challenges-of-new-lockdown-39700684.html,independent.ie,English,0.0,0.557,0.443,0.6542,CRST
20201103T091500Z,Positive start for markets as early polling gives Biden a narrow lead,https://www.fxstreet.com/analysis/positive-start-for-markets-as-early-polling-gives-biden-a-narrow-lead-202011030853,fxstreet.com,English,0.0,0.735,0.265,0.5574,CRST
20201103T091500Z,"Banks , mining stocks lift FTSE 100 to one - week high on stimulus hopes",https://uk.reuters.com/article/uk-britain-stocks/banks-mining-stocks-lift-ftse-100-to-one-week-high-on-stimulus-hopes-idUKKBN27J0V6,uk.reuters.com,English,0.0,0.811,0.189,0.4215,CRST
20201103T093000Z,Positive start for markets as early polling gives Biden a narrow lead,https://www.cmcmarkets.com/en-sg/news-and-analysis/positive-start-for-markets-as-early-polling-gives-biden-a-narrow-lead,cmcmarkets.com,English,0.0,0.735,0.265,0.5574,CRST
20201103T093000Z,Crest ups profit outlook but sees  fresh challenge of new lockdown,https://www.thecourier.co.uk/business/business-news/1699807/crest-ups-profit-outlook-but-sees-fresh-challenges-of-new-lockdown/,thecourier.co.uk,English,0.0,0.557,0.443,0.6542,CRST
20201103T093000Z,New Yorkers and Londoners Are Ditching Cities for the Suburbs,https://www.msn.com/en-us/money/companies/new-yorkers-and-londoners-are-ditching-cities-for-the-suburbs/ar-BB1aE8u7,msn.com,English,0.0,1.0,0.0,0.0,CRST
20201103T093000Z,Crest ups profit outlook but sees  fresh challenge of new lockdown,https://www.pressandjournal.co.uk/business/uk-and-abroad/2617555/crest-ups-profit-outlook-but-sees-fresh-challenges-of-new-lockdown/,pressandjournal.co.uk,English,0.0,0.557,0.443,0.6542,CRST
20201103T094500Z,Coronavirus : Working from home boosts profit forecast at housebuilder Crest Nicholson,https://news.yahoo.com/crest-nicholson-results-uk-property-market-homes-084845763.html,news.yahoo.com,English,0.0,0.634,0.366,0.6369,CRST
20201103T094500Z,New Yorkers and Londoners Are Ditching Cities for the Suburbs,https://www.bloomberg.com/news/articles/2020-11-03/new-yorkers-and-londoners-are-ditching-cities-for-the-suburbs,bloomberg.com,English,0.0,1.0,0.0,0.0,CRST
20201103T100000Z,Homebuilder Crest Nicholson expects profit ahead of market view,https://www.reuters.com/article/crest-nicholson-outlook/homebuilder-crest-nicholson-expects-profit-ahead-of-market-view-idUKL4N2HP1C6,reuters.com,English,0.0,0.734,0.266,0.4404,CRST
20201103T100000Z,"Banks , mining stocks lift FTSE 100 to one - week high",https://uk.reuters.com/article/uk-britain-stocks/banks-mining-stocks-lift-ftse-100-to-one-week-high-idUKKBN27J0V6,uk.reuters.com,English,0.0,1.0,0.0,0.0,CRST
20201103T100000Z,Primark owner AB Foods profits slide as COVID - 19 hits sales,https://news.yahoo.com/associated-british-foods-abf-primark-results-closed-093845615.html,news.yahoo.com,English,0.0,0.775,0.225,0.4404,CRST
20201103T104500Z,BUSINESS LIVE : Lower Primark sales hits AB Foods,https://www.thisismoney.co.uk/money/markets/article-8908565/BUSINESS-LIVE-Lower-Primark-sales-hits-AB-Foods.html,thisismoney.co.uk,English,0.239,0.761,0.0,-0.296,CRST
20201103T104500Z,dpa - AFX Overview : Analyst recommendations on U . K . stocks,https://www.finanznachrichten.de/nachrichten-2020-11/51133734-dpa-afx-overview-analyst-recommendations-on-u-k-stocks-020.htm,finanznachrichten.de,English,0.0,1.0,0.0,0.0,CRST
20201103T110000Z,Questor : this builder will gain most from the state housing market help,https://www.telegraph.co.uk/investing/shares/questor-builder-will-gain-fromthe-states-housing-market-help/,telegraph.co.uk,English,0.0,0.621,0.379,0.7269,CRST
20201103T111500Z,UK WINNERS & LOSERS SUMMARY : Crest Nicholson Lifts Peers With Outlook,https://www.lse.co.uk/news/uk-winners-and-losers-summary-crest-nicholson-lifts-peers-with-outlook-195jf1tezbz43y6.html,lse.co.uk,English,0.259,0.501,0.24,-0.0772,CRST
20201103T111500Z,"Banks , mining stocks lift FTSE 100 to one - week high",https://www.marketscreener.com/news/latest/Banks-mining-stocks-lift-FTSE-100-to-one-week-high--31678275/,marketscreener.com,English,0.0,1.0,0.0,0.0,CRST
20201103T113000Z,"Banks and mining stocks lift FTSE 100 to one - week high World , news for Ireland , united kingdom , World , ",https://www.businessworld.ie/world-news/Banks-and-mining-stocks-lift-FTSE-100-to-one-week-high-574752.html,businessworld.ie,English,0.0,0.859,0.141,0.4215,CRST
20201103T114500Z,Optimism over likelihood of decisive U . S . election and home builders lifts U . K . blue chips,https://www.marketwatch.com/story/optimism-over-likelihood-of-decisive-u-s-election-and-home-builders-lifts-u-k-blue-chips-11604402518,marketwatch.com,English,0.0,0.649,0.351,0.6597,CRST
20201103T123000Z,FTSE rallies on stimulus hopes as US goes to the polls | 3 November 2020,https://www.stockmarketwire.com/article/7146458/FTSE-rallies-on-stimulus-hopes-as-US-goes-to-the-polls.html,stockmarketwire.com,English,0.0,0.811,0.189,0.4215,CRST
20201103T124500Z,Crest Nicholson upgrades profit forecast,https://www.thetimes.co.uk/edition/business/crest-nicholson-upgrades-profit-forecast-wfv2n90sx,thetimes.co.uk,English,0.0,0.58,0.42,0.4404,CRST
20201103T131500Z,Awaiting the US election results,https://www.fxstreet.com/analysis/awaiting-the-us-election-results-202011031059,fxstreet.com,English,0.0,1.0,0.0,0.0,CRST
20201104T071500Z,European stocks hit one - week high as investors await U . S . election outcome,https://www.reuters.com/article/europe-stocks/update-2-european-stocks-hit-1-week-high-as-investors-await-u-s-election-outcome-idUSL4N2HP1NA,reuters.com,English,0.0,0.877,0.123,0.1027,CRST
20201104T094500Z,"European markets tread water , as services PMIs deteriorate further",https://www.fxstreet.com/analysis/european-markets-tread-water-as-services-pmis-deteriorate-further-202011040923,fxstreet.com,English,0.0,1.0,0.0,0.0,CRST
20201104T100000Z,European stocks hit one - week high as investors await U . S . election outcome,https://www.reuters.com/article/us-europe-stocks/european-stocks-hit-one-week-high-as-investors-await-u-s-election-outcome-idUSKBN27J2BI,reuters.com,English,0.0,0.877,0.123,0.1027,CRST
20201104T104500Z,Properties in New York and London suburbs record strong demand amid pandemic,https://www.thenationalnews.com/business/properties-in-new-york-and-london-suburbs-record-strong-demand-amid-pandemic-1.1105185,thenationalnews.com,English,0.101,0.676,0.223,0.4215,CRST
20201105T053000Z,Companies Join Exodus To Suburbs As Cities Transform Into  Ghost Towns  ,https://www.zerohedge.com/personal-finance/companies-join-exodus-out-cities-new-life-suburbs,zerohedge.com,English,0.17,0.667,0.163,-0.0258,CRST
20201105T074500Z,"Properties in New York , London suburbs record strong demand amid pandemic",https://dailytimes.com.pk/685604/properties-in-new-york-london-suburbs-record-strong-demand-amid-pandemic/,dailytimes.com.pk,English,0.109,0.652,0.239,0.4215,CRST
20201105T103000Z,UK BROKER RATINGS SUMMARY : Shore Raises GSK ; Peel Ups Segro To Hold,https://www.lse.co.uk/news/uk-broker-ratings-summary-shore-raises-gsk-peel-ups-segro-to-hold-wuk5l3ewxl5sht7.html,lse.co.uk,English,0.0,1.0,0.0,0.0,CRST
20201105T104500Z,dpa - AFX Overview : Analyst recommendations on U . K . stocks,https://www.finanznachrichten.de/nachrichten-2020-11/51158107-dpa-afx-overview-analyst-recommendations-on-u-k-stocks-020.htm,finanznachrichten.de,English,0.0,1.0,0.0,0.0,CRST
20201109T111500Z,New housing target  may have been met already  ,https://www.henleystandard.co.uk/news/council/156892/new-housing-target-may-have-been-met-already.html,henleystandard.co.uk,English,0.0,1.0,0.0,0.0,CRST
20201109T111500Z,Taylor Wimpey shares rocket after profit upgrade,https://www.building.co.uk/news/taylor-wimpey-shares-rocket-after-profit-upgrade/5108876.article,building.co.uk,English,0.0,0.495,0.505,0.6249,CRST
20201111T110000Z,On the bright side : A vaccine and Joe Biden in one week,https://www.building.co.uk/comment/on-the-bright-side-a-vaccine-and-joe-biden-in-one-week/5108897.article,building.co.uk,English,0.0,0.775,0.225,0.4404,CRST
20201111T110000Z,McCarthy & Stone sales slump as second covid wave hits,https://www.building.co.uk/news/mccarthy-and-stone-sales-slump-as-second-covid-wave-hits/5108918.article,building.co.uk,English,0.0,1.0,0.0,0.0,CRST
20201112T113000Z,Vistry reinstates dividend after strong trading,https://www.building.co.uk/news/vistry-reinstates-dividend-after-strong-trading/5108965.article,building.co.uk,English,0.0,0.602,0.398,0.5106,CRST
20201116T074500Z,"300 , 000 new homes needed a year , Lloyds Banking Group Big Conversation hears",https://www.dailyecho.co.uk/news/18873957.300-000-new-homes-needed-year-lloyds-banking-group-big-conversation-hears/,dailyecho.co.uk,English,0.0,1.0,0.0,0.0,CRST
20201116T094500Z,"300 , 000 new homes needed a year , Lloyds Banking Group Big Conversation hears",https://www.hampshirechronicle.co.uk/news/business/18873957.300-000-new-homes-needed-year-lloyds-banking-group-big-conversation-hears/,hampshirechronicle.co.uk,English,0.0,1.0,0.0,0.0,CRST
20201116T114500Z,"  Poorly designed  homes in East Challow , Wantage , refused permission",https://www.heraldseries.co.uk/news/18874566.poorly-designed-homes-east-challow-wantage-refused-permission/,heraldseries.co.uk,English,0.216,0.784,0.0,-0.296,CRST
20201116T120000Z,"  Poorly designed  homes in East Challow , Wantage , refused permission",https://www.oxfordmail.co.uk/news/18874566.poorly-designed-homes-east-challow-wantage-refused-permission/,oxfordmail.co.uk,English,0.216,0.784,0.0,-0.296,CRST
20201119T034500Z,Five key takeaways from the 2020 virtual RESI Convention,https://www.propertyweek.com/residential-and-development/five-key-takeaways-from-the-2020-virtual-resi-convention/5111217.article,propertyweek.com,English,0.0,1.0,0.0,0.0,CRST
20201120T080000Z,Investegate |Schroder Inc Growth Announcements | Schroder Inc Growth : Annual Financial Report,https://www.investegate.co.uk/schroder-inc-growth--scf-/rns/annual-financial-report/202011200700039472F/,investegate.co.uk,English,0.0,0.634,0.366,0.6369,CRST
20201120T080000Z,Investegate |Urban Plc Announcements | Urban Plc : RESULTS FOR THE YEAR TO 30 SEPTEMBER 2020,https://www.investegate.co.uk/urban--38-civic-plc--uanc-/rns/results-for-the-year-to-30-september-2020/202011200700049485F/,investegate.co.uk,English,0.0,1.0,0.0,0.0,CRST
20201120T113000Z,Some Cineworld cinemas will NEVER reopen after Covid lockdown,https://www.dailymail.co.uk/news/article-8969601/Some-Cineworld-cinemas-NEVER-reopen-Covid-lockdown-bosses-consider-permanent-closures.html,dailymail.co.uk,English,0.0,1.0,0.0,0.0,CRST
20201120T210000Z,Landlords approve rescue deal for Clarks as the 195 - year - old shoe shop company battles for survival,https://www.dailymail.co.uk/news/article-8970907/Landlords-approve-rescue-deal-Clarks-shoe-shops.html,dailymail.co.uk,English,0.124,0.718,0.158,0.1779,CRST
20201121T083000Z,What happened to the transformation of the western end of Bristol ? ,https://www.bristolpost.co.uk/news/bristol-news/whats-happened-transformation-western-end-4722916,bristolpost.co.uk,English,0.0,1.0,0.0,0.0,CRST
20201125T083000Z,Fantasy fund managers could bag a bargain with these battered stocks,https://www.telegraph.co.uk/money/consumer-affairs/fantasy-fund-managers-could-bag-bargain-battered-stocks/,telegraph.co.uk,English,0.0,0.833,0.167,0.2023,CRST
20201126T104500Z,"All Bar One , Harvester and Toby Carvery owner axes 1 , 300 jobs",https://www.dailymail.co.uk/news/article-8989529/All-Bar-One-Harvester-Toby-Carvery-owner-axes-1-300-jobs-amid-123million-annual-loss.html,dailymail.co.uk,English,0.0,1.0,0.0,0.0,CRST
20201127T091500Z,Fortnum & Mason boss gives dire forecast that a  THIRD of British retail brands will disappear  ,https://www.dailymail.co.uk/news/article-8992533/Fortnum-Mason-boss-gives-dire-forecast-British-retail-brands-disappear.html,dailymail.co.uk,English,0.29,0.71,0.0,-0.5994,CRST
20201127T091500Z,Fortnum & Mason boss gives dire forecast that a  THIRD of British retail brands will disappear  ,https://www.dailymail.co.uk/news/article-8992533/amp/Fortnum-Mason-boss-gives-dire-forecast-British-retail-brands-disappear.html,dailymail.co.uk,English,0.29,0.71,0.0,-0.5994,CRST
20201129T184500Z,Artist reveals inspiration behind Arborfield Green new public artwork,https://www.bracknellnews.co.uk/news/18907361.artist-reveals-inspiration-behind-arborfield-greens-new-public-artwork/,bracknellnews.co.uk,English,0.0,0.702,0.298,0.5267,CRST
20201130T141500Z,Final approval sought for 168 new homes at Faygate,https://www.wscountytimes.co.uk/news/people/final-approval-sought-168-new-homes-faygate-3052245,wscountytimes.co.uk,English,0.0,0.721,0.279,0.4767,CRST
20201130T153000Z,Chelverton united kingdom Dividend Trust plc : Half - Yearly - 4 - ,https://www.finanznachrichten.de/nachrichten-2020-11/51377523-chelverton-uk-dividend-trust-plc-half-yearly-4-015.htm,finanznachrichten.de,English,0.0,0.496,0.504,0.7269,CRST
20201130T153000Z,Chelverton united kingdom Dividend Trust plc : Half - Yearly - 5 - ,https://www.finanznachrichten.de/nachrichten-2020-11/51377524-chelverton-uk-dividend-trust-plc-half-yearly-5-015.htm,finanznachrichten.de,English,0.0,0.496,0.504,0.7269,CRST
20201201T180000Z,Quarley artist Amy Goodman creates new sculptures for estate,https://www.andoveradvertiser.co.uk/news/18911925.quarley-artist-amy-goodman-creates-new-sculptures-estate/,andoveradvertiser.co.uk,English,0.0,0.792,0.208,0.2732,CRST
20201201T234500Z,Hundreds of thousands of shoppers line up in huge virtual queue to get on Debenham website,https://www.dailymail.co.uk/news/article-9007439/Hundreds-thousands-shoppers-line-huge-virtual-queue-Debenhams-website.html,dailymail.co.uk,English,0.0,0.867,0.133,0.3182,CRST
